interaction_id,user_id,hotel_id,interaction_type,interaction_date,rating,total_amount_inr,stay_duration,travel_purpose,group_size,advance_booking_days,season,cancellation_flag
1,184,208,Reviewed,2023-07-20,3.9,36882,,,,,,
2,188,355,Booked,2023-05-18,4.4,14502,7.0,Business,1.0,12.0,Monsoon,False
3,74,376,Booked,2023-01-02,3.8,36190,6.0,Family_vacation,1.0,16.0,Monsoon,False
4,177,123,Booked,2023-03-29,3.1,11089,2.0,Business,1.0,11.0,Festival,False
5,4,342,Reviewed,2023-08-31,3.8,15002,,,,,,
6,46,136,Booked,2023-02-09,2.7,96803,7.0,Business,5.0,12.0,Festival,False
7,126,127,Booked,2023-08-30,3.8,129647,1.0,Family_vacation,1.0,22.0,Monsoon,False
8,135,258,Booked,2023-03-27,4.0,136395,1.0,Business,2.0,10.0,Monsoon,False
9,189,180,Booked,2023-10-07,3.3,40632,3.0,Leisure,4.0,1.0,Monsoon,False
10,86,266,Booked,2023-12-06,3.4,26082,5.0,Leisure,2.0,4.0,Monsoon,False
11,187,328,Booked,2023-01-11,4.5,38588,7.0,Business,2.0,22.0,Winter,False
12,8,126,Reviewed,2023-10-23,4.1,62072,,,,,,
13,93,106,Booked,2023-02-15,3.2,52456,6.0,Business,2.0,9.0,Festival,False
14,225,270,Booked,2023-03-31,3.9,79566,3.0,Leisure,4.0,19.0,Festival,False
15,71,159,Booked,2023-04-08,3.9,72565,6.0,Leisure,1.0,27.0,Summer,False
16,117,291,Booked,2023-06-27,4.5,4320,4.0,Family_vacation,1.0,5.0,Festival,False
17,134,149,Booked,2023-11-16,4.3,34636,3.0,Leisure,1.0,10.0,Summer,False
18,4,233,Booked,2023-01-21,3.8,15428,5.0,Business,2.0,2.0,Festival,False
19,111,181,Reviewed,2023-12-05,3.5,18052,,,,,,
20,65,71,Booked,2023-06-29,5.0,26019,7.0,Family_vacation,1.0,22.0,Winter,False
21,183,139,Reviewed,2023-03-15,3.9,24482,,,,,,
22,111,300,Reviewed,2023-02-11,3.9,11022,,,,,,
23,122,182,Reviewed,2023-05-08,5.0,83976,,,,,,
24,99,217,Booked,2023-07-24,4.6,7450,3.0,Leisure,1.0,20.0,Monsoon,False
25,112,348,Booked,2023-06-15,3.8,8872,6.0,Business,4.0,5.0,Festival,False
26,78,157,Booked,2023-02-13,3.5,96702,4.0,Family_vacation,3.0,13.0,Festival,True
27,135,227,Booked,2023-12-22,4.0,68058,6.0,Leisure,2.0,15.0,Monsoon,False
28,108,211,Reviewed,2023-08-25,4.0,20615,,,,,,
29,7,393,Booked,2023-08-04,3.9,9606,5.0,Leisure,3.0,19.0,Monsoon,False
30,140,290,Booked,2023-05-31,3.5,127834,4.0,Business,1.0,13.0,Summer,False
31,196,266,Reviewed,2023-08-24,3.3,3726,,,,,,
32,15,139,Reviewed,2023-11-29,3.0,61205,,,,,,
33,25,149,Booked,2023-10-17,4.2,51954,7.0,Business,1.0,4.0,Summer,False
34,133,74,Booked,2023-10-15,4.4,61848,2.0,Business,1.0,29.0,Winter,False
35,80,369,Booked,2023-01-04,3.9,19930,6.0,Business,3.0,3.0,Summer,False
36,226,62,Booked,2023-09-24,3.6,39944,1.0,Leisure,2.0,1.0,Festival,False
37,238,63,Booked,2023-06-03,4.1,28196,7.0,Business,1.0,27.0,Monsoon,False
38,175,225,Booked,2023-12-03,4.2,55160,2.0,Family_vacation,2.0,1.0,Winter,False
39,191,337,Booked,2023-05-04,4.6,10290,6.0,Family_vacation,3.0,16.0,Festival,False
40,171,52,Booked,2023-10-29,3.2,91764,3.0,Leisure,4.0,23.0,Summer,False
41,209,218,Booked,2023-03-17,3.9,46908,1.0,Family_vacation,2.0,13.0,Summer,False
42,9,331,Booked,2023-11-30,3.8,31280,4.0,Business,4.0,5.0,Festival,False
43,118,142,Booked,2023-01-05,3.9,56187,5.0,Family_vacation,1.0,7.0,Monsoon,False
44,135,200,Reviewed,2023-09-20,3.8,65322,,,,,,
45,39,181,Reviewed,2023-12-02,3.4,54156,,,,,,
46,118,367,Booked,2023-03-13,3.7,84315,6.0,Leisure,1.0,30.0,Festival,True
47,215,331,Booked,2023-09-05,3.3,25024,5.0,Family_vacation,1.0,6.0,Monsoon,False
48,83,302,Booked,2023-10-25,3.2,81985,7.0,Leisure,2.0,3.0,Summer,True
49,188,82,Reviewed,2023-04-29,3.2,14087,,,,,,
50,128,348,Reviewed,2023-09-01,3.3,8872,,,,,,
51,198,376,Booked,2023-05-02,3.8,14476,6.0,Leisure,1.0,25.0,Festival,False
52,16,314,Reviewed,2023-05-09,4.5,65471,,,,,,
53,192,38,Booked,2023-08-15,4.5,96395,6.0,Business,1.0,30.0,Winter,False
54,179,231,Booked,2023-07-13,3.0,114774,5.0,Family_vacation,2.0,7.0,Winter,False
55,113,348,Reviewed,2023-05-27,3.2,26616,,,,,,
56,42,223,Reviewed,2023-09-28,4.3,6978,,,,,,
57,23,299,Reviewed,2023-01-13,3.5,53736,,,,,,
58,25,105,Reviewed,2023-01-18,4.2,3480,,,,,,
59,93,397,Booked,2023-07-28,3.1,85386,1.0,Leisure,2.0,6.0,Festival,False
60,54,293,Reviewed,2023-08-31,5.0,11058,,,,,,
61,159,287,Booked,2023-03-12,5.0,26116,4.0,Family_vacation,2.0,13.0,Summer,False
62,33,265,Reviewed,2023-06-02,3.2,75500,,,,,,
63,60,27,Booked,2023-11-04,3.4,5253,2.0,Leisure,2.0,30.0,Monsoon,False
64,92,35,Reviewed,2023-03-22,4.8,10168,,,,,,
65,137,295,Booked,2023-05-04,5.0,9610,5.0,Leisure,2.0,13.0,Summer,False
66,229,57,Reviewed,2023-10-26,4.3,7512,,,,,,
67,168,16,Booked,2023-01-17,3.2,29028,2.0,Leisure,2.0,29.0,Summer,False
68,141,376,Reviewed,2023-06-18,4.6,43428,,,,,,
69,234,32,Booked,2023-05-01,4.7,78449,5.0,Family_vacation,1.0,23.0,Summer,False
70,19,214,Booked,2023-11-03,4.8,11098,5.0,Leisure,2.0,5.0,Monsoon,False
71,27,19,Booked,2023-09-12,4.0,114858,3.0,Leisure,1.0,16.0,Monsoon,False
72,225,117,Booked,2023-01-11,5.0,9492,7.0,Business,5.0,20.0,Festival,False
73,189,10,Reviewed,2023-10-10,3.3,30048,,,,,,
74,197,194,Booked,2023-12-23,4.5,110574,4.0,Family_vacation,1.0,5.0,Summer,False
75,230,316,Reviewed,2023-07-08,2.9,9621,,,,,,
76,112,30,Booked,2023-05-02,2.7,38800,1.0,Business,4.0,24.0,Summer,False
77,4,369,Booked,2023-05-08,3.9,3986,1.0,Business,2.0,15.0,Winter,False
78,81,180,Reviewed,2023-11-05,3.7,20316,,,,,,
79,75,67,Reviewed,2023-11-07,4.5,55002,,,,,,
80,32,337,Booked,2023-02-09,4.5,8575,2.0,Leisure,1.0,23.0,Monsoon,False
81,220,113,Booked,2023-08-16,4.8,36534,7.0,Family_vacation,4.0,28.0,Winter,False
82,69,164,Reviewed,2023-12-24,3.8,1961,,,,,,
83,14,178,Booked,2023-07-30,4.6,31490,4.0,Leisure,1.0,3.0,Winter,False
84,216,267,Reviewed,2023-04-29,4.6,37685,,,,,,
85,54,63,Reviewed,2023-07-10,4.4,98686,,,,,,
86,37,19,Reviewed,2023-05-01,4.2,114858,,,,,,
87,196,233,Booked,2023-02-28,3.6,15428,1.0,Leisure,2.0,9.0,Festival,False
88,248,44,Reviewed,2023-01-31,4.0,70175,,,,,,
89,99,254,Booked,2023-01-10,4.2,49296,4.0,Business,1.0,8.0,Winter,False
90,169,221,Booked,2023-09-30,2.7,19737,1.0,Family_vacation,4.0,30.0,Summer,False
91,194,173,Booked,2023-05-15,5.0,57405,2.0,Business,2.0,11.0,Festival,False
92,201,374,Booked,2023-01-30,4.3,35650,4.0,Family_vacation,2.0,30.0,Monsoon,False
93,241,274,Reviewed,2023-08-26,3.2,90618,,,,,,
94,146,394,Reviewed,2023-09-23,4.1,55600,,,,,,
95,120,382,Reviewed,2023-05-02,3.3,17870,,,,,,
96,72,350,Booked,2023-05-21,3.3,14022,7.0,Family_vacation,4.0,11.0,Festival,True
97,71,186,Booked,2023-05-18,4.2,30023,6.0,Family_vacation,1.0,1.0,Summer,False
98,170,165,Booked,2023-05-16,5.0,70248,4.0,Business,2.0,15.0,Summer,False
99,248,184,Reviewed,2023-09-03,3.3,44795,,,,,,
100,56,210,Booked,2023-01-30,3.9,3837,3.0,Family_vacation,2.0,18.0,Monsoon,False
101,113,93,Reviewed,2023-05-13,3.4,13875,,,,,,
102,67,254,Booked,2023-03-07,3.5,24648,2.0,Family_vacation,1.0,21.0,Summer,False
103,168,20,Booked,2023-04-05,4.7,50414,4.0,Family_vacation,2.0,11.0,Summer,False
104,59,32,Reviewed,2024-01-01,5.0,33621,,,,,,
105,5,348,Booked,2023-06-30,3.5,4436,5.0,Business,2.0,12.0,Summer,True
106,114,58,Reviewed,2023-09-19,3.5,20902,,,,,,
107,84,293,Reviewed,2023-07-10,5.0,22116,,,,,,
108,107,37,Booked,2023-11-25,4.5,13467,2.0,Business,2.0,11.0,Monsoon,False
109,105,334,Booked,2023-07-11,4.3,39912,5.0,Business,3.0,12.0,Summer,False
110,39,303,Booked,2023-01-14,4.1,37074,7.0,Leisure,2.0,17.0,Monsoon,False
111,97,299,Reviewed,2023-01-17,3.6,17912,,,,,,
112,98,391,Booked,2023-11-29,3.7,12785,2.0,Family_vacation,5.0,19.0,Festival,False
113,32,271,Reviewed,2023-01-27,4.5,104646,,,,,,
114,135,267,Reviewed,2023-08-14,4.6,15074,,,,,,
115,215,295,Reviewed,2023-05-31,5.0,5766,,,,,,
116,63,394,Booked,2023-07-05,4.1,41700,6.0,Business,5.0,8.0,Festival,False
117,226,210,Reviewed,2023-07-05,3.4,19185,,,,,,
118,130,40,Reviewed,2023-07-05,3.7,75480,,,,,,
119,59,230,Booked,2023-08-03,3.9,111930,7.0,Business,2.0,30.0,Winter,False
120,105,346,Booked,2023-10-27,4.6,58100,3.0,Leisure,4.0,11.0,Summer,True
121,108,259,Reviewed,2023-03-17,4.8,39330,,,,,,
122,226,396,Booked,2023-04-12,4.4,22756,1.0,Business,2.0,4.0,Festival,False
123,142,365,Reviewed,2023-08-29,5.0,22992,,,,,,
124,223,18,Booked,2023-08-09,3.9,38140,1.0,Business,2.0,17.0,Festival,False
125,91,66,Booked,2023-07-25,4.7,37506,6.0,Leisure,3.0,11.0,Monsoon,False
126,158,56,Reviewed,2023-01-24,4.3,40632,,,,,,
127,244,230,Booked,2023-07-29,4.3,95940,7.0,Leisure,2.0,10.0,Festival,False
128,188,94,Booked,2023-10-29,4.9,26735,1.0,Business,1.0,29.0,Summer,False
129,95,346,Booked,2023-11-29,4.4,34860,4.0,Business,5.0,24.0,Monsoon,False
130,25,119,Booked,2023-06-02,4.2,5889,5.0,Family_vacation,1.0,29.0,Festival,False
131,99,164,Booked,2023-04-02,4.2,1961,7.0,Family_vacation,1.0,29.0,Winter,False
132,72,295,Booked,2023-11-12,4.5,5766,3.0,Business,3.0,10.0,Monsoon,False
133,58,87,Reviewed,2023-05-28,3.9,15303,,,,,,
134,156,386,Booked,2023-02-24,4.3,100830,3.0,Business,2.0,4.0,Winter,False
135,131,387,Reviewed,2023-03-28,4.1,17294,,,,,,
136,246,277,Booked,2023-10-03,3.4,3218,4.0,Business,4.0,7.0,Monsoon,False
137,147,219,Reviewed,2023-08-16,4.2,119511,,,,,,
138,117,152,Booked,2023-02-26,4.3,129045,1.0,Leisure,1.0,29.0,Festival,False
139,23,71,Reviewed,2023-05-23,5.0,3717,,,,,,
140,248,182,Booked,2023-02-10,5.0,27992,6.0,Business,4.0,6.0,Monsoon,False
141,162,377,Booked,2023-09-20,5.0,19614,6.0,Family_vacation,2.0,11.0,Summer,False
142,239,362,Booked,2023-09-24,3.2,119616,5.0,Family_vacation,2.0,27.0,Summer,False
143,161,5,Booked,2023-05-06,4.4,58348,7.0,Business,2.0,22.0,Winter,False
144,39,249,Booked,2023-04-06,4.2,27861,2.0,Business,2.0,21.0,Summer,False
145,220,371,Booked,2023-04-20,3.0,19608,4.0,Family_vacation,5.0,7.0,Winter,True
146,177,135,Reviewed,2023-11-11,4.0,8805,,,,,,
147,61,327,Booked,2023-06-28,3.9,92754,2.0,Leisure,2.0,27.0,Winter,False
148,172,249,Booked,2023-09-08,4.3,37148,5.0,Leisure,2.0,18.0,Festival,False
149,57,58,Reviewed,2023-05-28,3.8,41804,,,,,,
150,84,127,Reviewed,2023-12-06,4.1,37042,,,,,,
151,119,164,Booked,2023-12-05,3.3,11766,4.0,Family_vacation,1.0,5.0,Festival,False
152,222,251,Booked,2023-11-04,4.7,24028,1.0,Leisure,2.0,9.0,Winter,False
153,201,210,Booked,2023-02-01,3.9,11511,3.0,Family_vacation,2.0,11.0,Festival,False
154,114,218,Reviewed,2023-07-24,4.1,11727,,,,,,
155,69,249,Reviewed,2023-04-23,3.8,65009,,,,,,
156,12,158,Booked,2023-08-18,3.4,41370,2.0,Family_vacation,1.0,7.0,Summer,False
157,158,313,Reviewed,2023-06-18,4.4,16660,,,,,,
158,6,370,Reviewed,2023-01-11,4.7,6017,,,,,,
159,200,361,Booked,2023-06-20,4.9,44310,7.0,Family_vacation,3.0,21.0,Summer,False
160,93,275,Reviewed,2023-04-12,4.8,119679,,,,,,
161,138,203,Booked,2023-04-28,4.6,34586,3.0,Leisure,4.0,7.0,Winter,False
162,10,11,Booked,2023-09-27,3.3,57172,7.0,Leisure,2.0,2.0,Winter,False
163,7,118,Booked,2023-11-20,3.3,17076,1.0,Leisure,5.0,4.0,Festival,False
164,34,380,Booked,2023-05-19,5.0,8053,1.0,Family_vacation,1.0,24.0,Festival,True
165,191,278,Booked,2023-11-06,3.6,17373,6.0,Family_vacation,4.0,7.0,Monsoon,False
166,109,263,Reviewed,2023-01-12,4.5,7860,,,,,,
167,52,52,Booked,2023-05-16,3.7,76470,4.0,Leisure,2.0,10.0,Festival,True
168,248,209,Booked,2023-10-15,2.8,16416,6.0,Family_vacation,5.0,8.0,Festival,True
169,128,373,Booked,2023-07-21,4.1,114065,5.0,Family_vacation,1.0,4.0,Festival,False
170,250,13,Reviewed,2023-07-23,4.2,79792,,,,,,
171,95,245,Booked,2023-10-16,4.4,59808,3.0,Business,5.0,3.0,Summer,False
172,54,251,Booked,2023-10-31,4.5,24028,4.0,Family_vacation,2.0,27.0,Festival,False
173,215,291,Booked,2023-04-30,4.2,17280,3.0,Leisure,1.0,10.0,Monsoon,False
174,10,165,Booked,2023-12-19,5.0,70248,7.0,Business,2.0,9.0,Winter,False
175,204,251,Reviewed,2023-10-07,4.8,72084,,,,,,
176,61,165,Reviewed,2023-08-25,5.0,87810,,,,,,
177,143,379,Booked,2023-02-11,4.0,63756,6.0,Business,2.0,13.0,Winter,False
178,42,267,Reviewed,2023-03-04,4.4,30148,,,,,,
179,223,59,Reviewed,2023-01-20,3.6,71192,,,,,,
180,44,321,Reviewed,2023-09-26,4.2,60174,,,,,,
181,224,281,Booked,2023-08-03,3.1,33576,1.0,Leisure,1.0,10.0,Monsoon,False
182,158,191,Booked,2023-10-16,3.2,34958,3.0,Family_vacation,2.0,22.0,Winter,False
183,244,366,Booked,2023-07-10,4.2,28539,4.0,Leisure,2.0,7.0,Monsoon,False
184,185,70,Reviewed,2023-03-26,4.5,65002,,,,,,
185,122,6,Booked,2023-06-12,4.4,38190,4.0,Business,2.0,1.0,Monsoon,False
186,52,356,Booked,2023-02-18,4.7,44496,1.0,Business,2.0,20.0,Festival,False
187,18,180,Booked,2023-11-22,3.6,20316,3.0,Family_vacation,3.0,30.0,Winter,False
188,211,219,Reviewed,2023-10-27,4.4,51219,,,,,,
189,160,393,Booked,2023-07-26,4.8,24015,5.0,Family_vacation,2.0,22.0,Winter,True
190,40,53,Reviewed,2023-04-21,4.1,52695,,,,,,
191,145,53,Reviewed,2023-03-06,4.7,87825,,,,,,
192,166,393,Booked,2023-07-16,4.2,33621,7.0,Family_vacation,2.0,20.0,Monsoon,False
193,189,316,Reviewed,2023-12-09,3.5,6414,,,,,,
194,44,2,Booked,2023-04-29,4.0,8555,7.0,Family_vacation,2.0,5.0,Winter,False
195,224,1,Reviewed,2023-06-15,4.1,9524,,,,,,
196,36,262,Booked,2023-08-14,3.5,10628,3.0,Leisure,5.0,25.0,Summer,False
197,101,194,Reviewed,2023-07-17,5.0,55287,,,,,,
198,80,268,Reviewed,2023-06-12,5.0,50860,,,,,,
199,216,110,Reviewed,2023-03-27,4.2,31486,,,,,,
200,72,365,Reviewed,2023-03-15,5.0,57480,,,,,,
201,114,251,Booked,2023-12-22,5.0,72084,1.0,Family_vacation,4.0,21.0,Monsoon,False
202,222,188,Reviewed,2023-08-27,4.5,34548,,,,,,
203,187,218,Reviewed,2023-04-20,4.5,23454,,,,,,
204,98,192,Booked,2023-04-02,4.6,7196,2.0,Leisure,4.0,17.0,Winter,True
205,80,169,Booked,2023-02-18,4.1,15891,5.0,Business,5.0,9.0,Summer,False
206,165,246,Reviewed,2023-07-23,2.6,77742,,,,,,
207,181,130,Reviewed,2023-05-21,3.9,46995,,,,,,
208,211,16,Reviewed,2023-08-30,3.9,58056,,,,,,
209,117,252,Booked,2023-03-30,3.6,42966,6.0,Family_vacation,1.0,26.0,Summer,True
210,8,314,Reviewed,2024-01-01,4.5,56118,,,,,,
211,46,68,Booked,2023-02-12,4.8,128835,1.0,Business,4.0,21.0,Summer,False
212,220,279,Reviewed,2023-05-23,4.3,25516,,,,,,
213,168,315,Booked,2023-01-09,3.4,24744,7.0,Leisure,2.0,29.0,Winter,False
214,151,370,Reviewed,2023-07-07,4.5,36102,,,,,,
215,104,214,Reviewed,2023-12-08,4.7,11098,,,,,,
216,50,390,Booked,2023-09-14,4.3,5712,1.0,Business,4.0,2.0,Monsoon,False
217,177,259,Reviewed,2023-07-29,4.4,39330,,,,,,
218,216,2,Booked,2023-06-09,3.3,25665,1.0,Leisure,1.0,15.0,Summer,False
219,119,46,Reviewed,2023-03-01,3.8,19424,,,,,,
220,187,45,Reviewed,2023-04-06,4.5,48162,,,,,,
221,248,11,Booked,2023-03-28,4.0,28586,6.0,Leisure,4.0,3.0,Winter,False
222,175,329,Reviewed,2023-04-08,4.8,86256,,,,,,
223,34,159,Reviewed,2023-01-28,4.2,43539,,,,,,
224,46,143,Booked,2023-03-13,3.8,36508,2.0,Business,4.0,29.0,Winter,False
225,76,133,Booked,2023-12-24,3.5,3592,4.0,Leisure,5.0,12.0,Monsoon,False
226,134,231,Reviewed,2023-11-20,3.6,38258,,,,,,
227,10,300,Reviewed,2023-07-17,3.8,55110,,,,,,
228,54,360,Reviewed,2023-08-11,4.7,39396,,,,,,
229,175,148,Reviewed,2023-04-17,4.0,24115,,,,,,
230,142,381,Booked,2023-05-18,4.4,101115,2.0,Leisure,1.0,7.0,Festival,False
231,237,60,Reviewed,2023-09-22,4.6,30372,,,,,,
232,122,72,Booked,2023-08-28,4.0,22416,5.0,Leisure,2.0,22.0,Summer,False
233,27,323,Booked,2023-07-03,5.0,6351,2.0,Leisure,1.0,16.0,Monsoon,False
234,232,52,Booked,2023-04-06,3.7,45882,2.0,Leisure,5.0,6.0,Summer,False
235,158,234,Booked,2023-10-31,3.6,50796,6.0,Leisure,2.0,16.0,Winter,False
236,96,308,Booked,2023-06-22,4.7,18416,3.0,Business,3.0,25.0,Summer,False
237,199,138,Booked,2023-10-23,3.1,16231,2.0,Family_vacation,2.0,6.0,Monsoon,False
238,248,358,Reviewed,2023-09-26,4.2,79345,,,,,,
239,193,72,Booked,2023-03-08,4.1,52304,1.0,Business,2.0,10.0,Winter,False
240,118,203,Booked,2023-03-26,4.7,103758,2.0,Business,1.0,29.0,Winter,False
241,21,95,Booked,2023-05-01,4.4,53416,1.0,Family_vacation,2.0,8.0,Winter,False
242,217,398,Booked,2023-07-11,4.3,28010,3.0,Business,4.0,18.0,Festival,False
243,234,242,Booked,2023-12-09,4.5,70676,6.0,Business,1.0,25.0,Summer,False
244,82,391,Booked,2023-03-10,4.0,38355,3.0,Family_vacation,5.0,28.0,Festival,False
245,137,37,Reviewed,2023-06-27,4.6,26934,,,,,,
246,249,301,Reviewed,2023-01-14,3.4,40115,,,,,,
247,46,394,Reviewed,2023-05-01,4.2,41700,,,,,,
248,129,1,Booked,2023-11-09,4.6,38096,1.0,Family_vacation,1.0,8.0,Winter,False
249,12,109,Booked,2023-06-04,3.7,36582,4.0,Family_vacation,1.0,6.0,Festival,False
250,80,199,Reviewed,2023-12-12,4.9,19541,,,,,,
251,67,216,Booked,2023-04-02,2.9,95196,5.0,Business,1.0,15.0,Summer,False
252,188,52,Booked,2023-12-02,3.6,107058,7.0,Business,1.0,6.0,Monsoon,False
253,130,197,Booked,2023-12-18,3.8,30772,6.0,Family_vacation,4.0,14.0,Summer,False
254,67,380,Booked,2023-11-21,4.5,56371,7.0,Leisure,1.0,17.0,Monsoon,False
255,183,172,Booked,2023-10-01,4.0,10614,7.0,Business,2.0,14.0,Festival,False
256,21,77,Booked,2023-01-04,3.6,21762,5.0,Leisure,2.0,7.0,Festival,False
257,119,145,Booked,2023-01-21,2.7,24564,4.0,Leisure,1.0,2.0,Monsoon,False
258,87,346,Booked,2023-06-01,4.7,11620,5.0,Leisure,1.0,6.0,Monsoon,False
259,5,229,Reviewed,2023-06-16,3.9,17486,,,,,,
260,153,58,Reviewed,2023-07-02,4.1,52255,,,,,,
261,190,203,Reviewed,2023-05-08,4.4,86465,,,,,,
262,25,65,Reviewed,2023-03-16,5.0,46576,,,,,,
263,229,141,Reviewed,2023-06-26,4.3,14796,,,,,,
264,159,125,Booked,2023-09-26,4.4,13238,1.0,Leisure,2.0,12.0,Summer,False
265,186,327,Booked,2023-02-21,3.8,92754,1.0,Leisure,2.0,30.0,Monsoon,False
266,6,95,Booked,2023-05-12,4.3,80124,1.0,Leisure,2.0,4.0,Winter,False
267,78,316,Reviewed,2023-09-21,3.1,22449,,,,,,
268,63,356,Reviewed,2023-01-26,4.6,59328,,,,,,
269,56,390,Booked,2023-08-12,4.5,11424,7.0,Business,2.0,9.0,Summer,False
270,233,93,Reviewed,2023-12-14,2.9,4625,,,,,,
271,105,107,Booked,2023-01-10,4.6,74130,2.0,Leisure,4.0,15.0,Monsoon,True
272,58,10,Reviewed,2023-12-30,3.1,7512,,,,,,
273,157,148,Booked,2023-12-31,4.2,19292,5.0,Leisure,1.0,21.0,Monsoon,False
274,122,286,Booked,2023-01-07,3.7,34392,3.0,Leisure,2.0,5.0,Festival,False
275,128,108,Booked,2023-09-30,5.0,37344,4.0,Leisure,1.0,13.0,Summer,False
276,147,41,Booked,2023-11-20,3.5,42147,1.0,Business,2.0,24.0,Monsoon,False
277,193,162,Booked,2023-08-20,4.9,17899,2.0,Family_vacation,2.0,19.0,Winter,False
278,145,221,Booked,2023-08-01,3.7,6579,7.0,Leisure,2.0,18.0,Festival,False
279,97,276,Reviewed,2023-03-09,4.1,134295,,,,,,
280,32,50,Booked,2023-07-22,4.6,13253,5.0,Leisure,1.0,6.0,Winter,False
281,189,206,Booked,2023-10-09,3.0,90153,2.0,Leisure,5.0,9.0,Monsoon,False
282,162,55,Reviewed,2023-12-07,4.5,119412,,,,,,
283,196,326,Reviewed,2023-06-12,3.6,78335,,,,,,
284,101,116,Booked,2023-07-26,4.0,44720,3.0,Leisure,3.0,30.0,Winter,False
285,1,273,Booked,2023-06-21,3.6,21570,2.0,Family_vacation,2.0,30.0,Summer,False
286,168,215,Booked,2023-08-03,4.3,64968,1.0,Family_vacation,2.0,8.0,Winter,False
287,129,42,Booked,2023-11-03,4.1,65888,1.0,Leisure,1.0,20.0,Winter,False
288,161,242,Reviewed,2023-12-17,4.2,53007,,,,,,
289,6,381,Booked,2023-11-04,5.0,86670,4.0,Family_vacation,2.0,17.0,Winter,False
290,42,235,Booked,2023-07-08,4.1,12512,2.0,Leisure,1.0,30.0,Winter,False
291,76,34,Reviewed,2023-01-16,4.7,46024,,,,,,
292,118,126,Booked,2023-12-17,4.0,31036,7.0,Business,1.0,15.0,Summer,False
293,215,170,Booked,2023-03-23,4.0,41790,1.0,Business,1.0,24.0,Summer,False
294,105,267,Booked,2023-08-29,5.0,7537,7.0,Leisure,4.0,29.0,Summer,False
295,156,332,Reviewed,2023-10-01,3.3,7032,,,,,,
296,124,372,Booked,2023-01-31,4.5,50540,7.0,Family_vacation,3.0,12.0,Festival,False
297,131,323,Reviewed,2023-11-29,4.6,44457,,,,,,
298,32,54,Booked,2023-03-16,5.0,109144,7.0,Family_vacation,1.0,25.0,Summer,False
299,94,212,Booked,2023-12-03,3.4,11284,7.0,Leisure,1.0,7.0,Monsoon,True
300,165,356,Reviewed,2023-02-07,4.6,88992,,,,,,
301,126,386,Reviewed,2023-05-06,4.1,50415,,,,,,
302,76,353,Reviewed,2023-08-16,4.1,76600,,,,,,
303,180,133,Reviewed,2023-10-18,3.3,3592,,,,,,
304,195,72,Reviewed,2023-03-17,4.0,7472,,,,,,
305,57,190,Booked,2023-10-16,3.3,33105,3.0,Family_vacation,1.0,6.0,Monsoon,False
306,113,345,Booked,2023-05-31,4.3,40957,6.0,Business,1.0,5.0,Monsoon,False
307,66,327,Reviewed,2023-04-27,3.4,30918,,,,,,
308,150,156,Booked,2023-03-17,4.1,20127,3.0,Family_vacation,5.0,24.0,Festival,False
309,231,88,Reviewed,2023-06-26,5.0,63585,,,,,,
310,219,257,Reviewed,2023-06-10,4.4,65372,,,,,,
311,222,249,Booked,2023-11-28,3.6,46435,4.0,Business,2.0,16.0,Festival,True
312,243,34,Booked,2023-06-25,4.7,23012,2.0,Business,4.0,20.0,Summer,False
313,92,256,Reviewed,2023-08-24,4.3,72966,,,,,,
314,233,7,Booked,2023-09-26,4.0,12828,2.0,Leisure,2.0,22.0,Summer,False
315,26,169,Reviewed,2023-09-17,3.2,26485,,,,,,
316,247,274,Booked,2023-10-03,3.7,105721,1.0,Leisure,1.0,19.0,Winter,False
317,205,379,Reviewed,2023-04-04,3.7,95634,,,,,,
318,220,126,Booked,2023-04-27,4.1,62072,2.0,Business,5.0,9.0,Monsoon,True
319,49,376,Reviewed,2023-02-02,4.6,14476,,,,,,
320,134,156,Booked,2023-02-01,3.7,13418,5.0,Family_vacation,1.0,16.0,Festival,True
321,226,27,Booked,2023-06-13,3.6,5253,2.0,Leisure,2.0,4.0,Festival,True
322,51,52,Booked,2023-10-05,3.3,76470,4.0,Leisure,1.0,19.0,Summer,False
323,221,58,Reviewed,2023-08-15,4.2,20902,,,,,,
324,151,326,Reviewed,2023-11-11,3.8,15667,,,,,,
325,65,387,Booked,2023-07-28,4.7,69176,6.0,Business,1.0,11.0,Festival,False
326,244,331,Booked,2023-06-03,3.2,31280,2.0,Leisure,2.0,9.0,Monsoon,False
327,29,388,Booked,2023-04-04,3.0,53718,5.0,Leisure,1.0,16.0,Winter,False
328,195,222,Reviewed,2023-12-11,3.6,84364,,,,,,
329,114,176,Reviewed,2023-11-23,5.0,67438,,,,,,
330,47,100,Booked,2023-02-25,4.2,25570,3.0,Family_vacation,2.0,10.0,Monsoon,False
331,121,53,Booked,2023-12-17,4.2,87825,2.0,Family_vacation,1.0,22.0,Winter,False
332,50,393,Booked,2023-07-22,4.6,33621,2.0,Family_vacation,5.0,6.0,Monsoon,False
333,122,335,Booked,2023-11-01,3.6,125979,6.0,Leisure,2.0,8.0,Monsoon,False
334,220,156,Booked,2023-07-09,3.7,20127,6.0,Leisure,5.0,11.0,Festival,False
335,145,202,Reviewed,2023-08-02,2.7,15484,,,,,,
336,15,210,Booked,2023-07-01,3.9,7674,4.0,Leisure,3.0,27.0,Winter,False
337,184,132,Reviewed,2023-05-31,3.6,3303,,,,,,
338,83,219,Booked,2023-07-15,4.0,85365,6.0,Business,2.0,26.0,Winter,False
339,113,141,Booked,2023-02-24,3.4,4932,3.0,Family_vacation,1.0,16.0,Festival,False
340,243,24,Reviewed,2023-12-04,3.9,21240,,,,,,
341,125,128,Reviewed,2023-05-24,4.3,29310,,,,,,
342,97,31,Reviewed,2023-02-21,3.7,39084,,,,,,
343,71,276,Booked,2023-07-09,4.1,57555,1.0,Leisure,1.0,5.0,Summer,False
344,199,376,Booked,2023-07-31,4.5,50666,2.0,Family_vacation,2.0,10.0,Winter,False
345,113,126,Reviewed,2023-06-17,4.0,108626,,,,,,
346,170,134,Booked,2023-10-13,4.6,45723,6.0,Business,2.0,5.0,Summer,False
347,180,365,Booked,2023-06-10,5.0,34488,7.0,Leisure,1.0,24.0,Winter,False
348,120,117,Booked,2023-08-24,4.5,18984,6.0,Family_vacation,1.0,9.0,Monsoon,False
349,239,12,Booked,2023-03-13,2.8,14904,4.0,Leisure,2.0,26.0,Festival,False
350,213,271,Reviewed,2023-01-31,4.8,87205,,,,,,
351,96,9,Booked,2023-10-17,3.9,19169,5.0,Leisure,5.0,16.0,Monsoon,False
352,163,35,Booked,2023-02-08,4.4,50840,7.0,Business,5.0,6.0,Summer,False
353,120,313,Booked,2023-11-29,5.0,23324,1.0,Family_vacation,1.0,14.0,Monsoon,False
354,228,379,Booked,2023-03-19,3.7,15939,2.0,Family_vacation,2.0,19.0,Monsoon,False
355,200,355,Booked,2023-08-10,4.7,29004,5.0,Leisure,3.0,20.0,Festival,True
356,58,166,Booked,2023-08-07,4.7,35294,2.0,Family_vacation,1.0,22.0,Monsoon,False
357,168,341,Booked,2023-04-13,3.8,8350,3.0,Family_vacation,2.0,28.0,Winter,False
358,38,106,Reviewed,2023-06-07,3.2,13114,,,,,,
359,137,309,Booked,2023-01-21,4.6,92075,3.0,Business,2.0,11.0,Monsoon,False
360,169,107,Booked,2023-04-14,4.1,49420,3.0,Business,3.0,25.0,Monsoon,True
361,225,226,Reviewed,2023-03-05,4.4,26276,,,,,,
362,7,228,Reviewed,2023-04-17,3.0,57492,,,,,,
363,113,205,Booked,2023-04-12,4.1,70572,5.0,Business,1.0,3.0,Winter,False
364,149,371,Booked,2023-09-22,3.1,137256,2.0,Business,2.0,16.0,Monsoon,False
365,82,213,Booked,2023-04-08,4.0,18991,7.0,Family_vacation,4.0,16.0,Monsoon,False
366,242,234,Reviewed,2023-01-09,3.0,88893,,,,,,
367,108,205,Reviewed,2023-02-21,4.2,52929,,,,,,
368,215,34,Reviewed,2023-08-11,5.0,69036,,,,,,
369,77,118,Booked,2023-12-26,2.6,51228,7.0,Leisure,4.0,1.0,Monsoon,False
370,230,166,Reviewed,2023-01-24,4.6,10084,,,,,,
371,46,290,Booked,2023-01-05,3.6,36524,2.0,Family_vacation,4.0,25.0,Summer,True
372,206,108,Booked,2023-12-05,4.7,31120,4.0,Business,1.0,14.0,Winter,False
373,133,78,Booked,2023-12-09,3.9,4325,7.0,Business,1.0,1.0,Festival,False
374,104,321,Reviewed,2023-07-11,4.6,30087,,,,,,
375,160,165,Booked,2023-01-15,5.0,52686,1.0,Leisure,2.0,2.0,Winter,False
376,12,277,Reviewed,2023-07-13,3.3,19308,,,,,,
377,135,87,Booked,2023-03-22,3.1,15303,2.0,Business,2.0,14.0,Summer,False
378,122,238,Booked,2023-08-01,4.6,95340,4.0,Business,2.0,28.0,Summer,False
379,121,132,Booked,2023-03-07,3.1,16515,3.0,Family_vacation,1.0,22.0,Summer,False
380,192,293,Booked,2023-04-11,4.6,18430,2.0,Business,1.0,8.0,Summer,False
381,184,207,Reviewed,2023-05-25,3.8,13699,,,,,,
382,64,116,Booked,2023-05-09,3.6,67080,3.0,Leisure,1.0,23.0,Festival,False
383,134,265,Reviewed,2023-10-23,4.1,56625,,,,,,
384,195,68,Reviewed,2023-06-17,4.8,110430,,,,,,
385,38,297,Reviewed,2023-01-18,4.8,128275,,,,,,
386,99,324,Booked,2023-01-25,4.7,10994,1.0,Business,1.0,21.0,Summer,False
387,61,83,Booked,2023-07-23,3.7,46940,4.0,Leisure,2.0,28.0,Monsoon,False
388,223,296,Booked,2023-07-27,4.6,37282,4.0,Family_vacation,2.0,9.0,Festival,False
389,72,336,Reviewed,2023-09-21,5.0,14514,,,,,,
390,229,96,Reviewed,2023-05-11,2.9,68866,,,,,,
391,125,396,Booked,2023-10-09,4.0,5689,6.0,Leisure,2.0,25.0,Monsoon,True
392,94,219,Reviewed,2023-11-25,3.7,85365,,,,,,
393,33,49,Booked,2023-04-27,3.7,114548,1.0,Business,2.0,18.0,Monsoon,False
394,89,158,Reviewed,2023-08-20,3.4,8274,,,,,,
395,248,259,Booked,2023-04-04,4.6,32775,2.0,Business,5.0,8.0,Summer,False
396,191,182,Reviewed,2023-09-27,4.9,27992,,,,,,
397,145,272,Booked,2023-09-26,3.9,82595,3.0,Family_vacation,2.0,8.0,Winter,False
398,26,349,Reviewed,2023-03-26,4.3,123571,,,,,,
399,159,116,Reviewed,2023-03-19,4.0,55900,,,,,,
400,109,104,Reviewed,2023-05-23,3.8,70300,,,,,,
401,76,200,Booked,2023-09-25,4.8,43548,4.0,Leisure,3.0,24.0,Monsoon,True
402,65,363,Booked,2023-10-12,4.7,24726,6.0,Family_vacation,1.0,20.0,Summer,True
403,106,72,Booked,2023-03-15,3.9,14944,7.0,Business,1.0,13.0,Winter,False
404,101,303,Booked,2023-04-10,4.3,55611,1.0,Business,4.0,5.0,Festival,False
405,190,300,Booked,2023-12-11,3.8,44088,2.0,Family_vacation,4.0,25.0,Monsoon,True
406,31,267,Reviewed,2023-06-09,4.8,52759,,,,,,
407,161,307,Booked,2023-08-30,4.3,19112,3.0,Business,2.0,18.0,Festival,False
408,226,387,Booked,2023-06-24,5.0,17294,4.0,Leisure,2.0,4.0,Festival,False
409,44,364,Booked,2023-12-21,3.8,43236,7.0,Leisure,2.0,8.0,Summer,True
410,188,309,Booked,2023-11-03,4.6,36830,7.0,Family_vacation,1.0,16.0,Festival,False
411,164,54,Reviewed,2023-05-24,5.0,93552,,,,,,
412,71,129,Booked,2023-11-24,4.6,38476,6.0,Leisure,1.0,12.0,Summer,True
413,183,249,Reviewed,2023-05-05,4.0,18574,,,,,,
414,152,223,Booked,2023-12-07,3.7,24423,7.0,Family_vacation,4.0,18.0,Festival,False
415,223,342,Reviewed,2023-07-15,3.4,15002,,,,,,
416,152,330,Reviewed,2023-02-20,3.1,14441,,,,,,
417,248,392,Booked,2023-05-03,4.0,50790,6.0,Family_vacation,4.0,27.0,Festival,False
418,11,178,Reviewed,2023-11-28,4.6,44086,,,,,,
419,118,294,Booked,2023-09-25,3.8,52656,7.0,Family_vacation,1.0,24.0,Festival,False
420,7,111,Reviewed,2023-10-18,3.5,25650,,,,,,
421,243,169,Booked,2023-02-20,3.4,21188,7.0,Business,5.0,15.0,Monsoon,False
422,175,177,Reviewed,2023-06-30,4.6,24126,,,,,,
423,71,229,Reviewed,2023-01-25,3.9,104916,,,,,,
424,163,135,Reviewed,2023-03-24,3.8,12327,,,,,,
425,222,281,Reviewed,2023-11-28,3.1,44768,,,,,,
426,193,179,Booked,2023-03-30,3.3,68145,1.0,Leisure,2.0,12.0,Winter,False
427,79,52,Booked,2023-02-16,3.4,45882,5.0,Leisure,5.0,6.0,Festival,False
428,220,363,Booked,2023-09-06,4.4,86541,4.0,Leisure,3.0,6.0,Monsoon,True
429,49,298,Booked,2023-06-08,3.7,107424,6.0,Family_vacation,2.0,10.0,Winter,False
430,179,39,Reviewed,2023-04-12,2.6,89214,,,,,,
431,154,340,Booked,2023-07-27,5.0,21606,6.0,Leisure,1.0,18.0,Monsoon,False
432,236,198,Reviewed,2023-02-23,4.5,118620,,,,,,
433,209,151,Reviewed,2023-11-11,4.0,8913,,,,,,
434,83,116,Reviewed,2023-08-15,4.3,22360,,,,,,
435,141,80,Booked,2023-12-08,5.0,6552,4.0,Business,1.0,27.0,Winter,False
436,58,226,Reviewed,2023-11-28,4.4,13138,,,,,,
437,4,152,Reviewed,2023-05-05,4.6,129045,,,,,,
438,157,248,Booked,2023-08-13,3.6,65430,5.0,Business,1.0,14.0,Winter,False
439,149,205,Reviewed,2023-11-18,4.4,70572,,,,,,
440,192,134,Reviewed,2023-12-28,4.9,45723,,,,,,
441,206,135,Booked,2023-08-09,4.0,3522,3.0,Family_vacation,1.0,12.0,Summer,False
442,35,165,Booked,2023-12-26,4.7,87810,5.0,Business,1.0,4.0,Festival,False
443,27,310,Booked,2023-04-27,3.9,21666,6.0,Family_vacation,1.0,18.0,Winter,False
444,148,28,Booked,2023-08-24,3.8,62148,5.0,Leisure,2.0,3.0,Winter,True
445,115,287,Booked,2023-11-29,4.2,19587,4.0,Family_vacation,2.0,5.0,Summer,False
446,17,369,Booked,2023-05-22,3.6,23916,1.0,Family_vacation,1.0,20.0,Festival,False
447,196,69,Booked,2023-07-22,3.4,18984,3.0,Family_vacation,2.0,23.0,Monsoon,False
448,146,261,Booked,2023-07-28,3.6,20615,6.0,Family_vacation,1.0,11.0,Summer,False
449,14,365,Reviewed,2023-07-03,4.9,80472,,,,,,
450,19,315,Booked,2023-02-02,3.6,24744,2.0,Family_vacation,2.0,7.0,Winter,False
451,199,389,Reviewed,2023-04-02,3.7,15796,,,,,,
452,167,254,Booked,2023-03-03,3.6,12324,4.0,Family_vacation,1.0,23.0,Festival,False
453,98,357,Booked,2023-08-31,3.5,11817,2.0,Business,4.0,12.0,Winter,False
454,226,130,Booked,2023-09-13,3.4,28197,4.0,Business,2.0,8.0,Monsoon,False
455,163,42,Booked,2023-06-23,4.0,16472,5.0,Leisure,3.0,29.0,Summer,False
456,16,350,Booked,2023-07-11,3.3,7011,5.0,Business,2.0,1.0,Monsoon,False
457,8,291,Reviewed,2023-10-16,4.6,4320,,,,,,
458,245,89,Booked,2023-04-07,3.4,77196,2.0,Family_vacation,3.0,12.0,Summer,False
459,234,80,Reviewed,2023-11-04,4.8,13104,,,,,,
460,229,226,Reviewed,2023-12-28,4.4,45983,,,,,,
461,46,260,Booked,2023-03-18,4.2,61588,1.0,Family_vacation,3.0,30.0,Summer,False
462,80,150,Booked,2023-02-25,3.0,34478,5.0,Family_vacation,3.0,29.0,Summer,False
463,155,80,Reviewed,2023-11-10,5.0,26208,,,,,,
464,238,338,Booked,2023-10-08,4.2,12775,4.0,Business,1.0,22.0,Summer,False
465,94,73,Booked,2023-05-03,5.0,63272,2.0,Leisure,1.0,2.0,Monsoon,True
466,236,246,Reviewed,2023-12-04,3.3,90699,,,,,,
467,152,51,Booked,2023-09-24,3.8,54804,3.0,Family_vacation,5.0,19.0,Festival,False
468,165,103,Reviewed,2023-05-25,3.5,11992,,,,,,
469,196,102,Reviewed,2023-05-30,5.0,68772,,,,,,
470,104,223,Booked,2023-07-13,3.5,3489,4.0,Business,4.0,18.0,Festival,False
471,79,255,Booked,2023-05-28,3.8,56910,1.0,Family_vacation,3.0,7.0,Summer,False
472,151,383,Booked,2023-10-20,4.6,107976,3.0,Family_vacation,1.0,2.0,Summer,True
473,78,198,Booked,2023-04-07,4.0,98850,1.0,Family_vacation,4.0,24.0,Winter,False
474,175,358,Booked,2023-01-23,4.9,15869,4.0,Business,2.0,29.0,Winter,False
475,19,366,Reviewed,2023-04-15,4.2,47565,,,,,,
476,164,314,Booked,2023-01-08,4.4,37412,2.0,Family_vacation,1.0,4.0,Monsoon,True
477,62,338,Booked,2023-06-19,4.4,7300,7.0,Business,4.0,30.0,Festival,True
478,37,307,Reviewed,2023-05-07,4.7,14334,,,,,,
479,226,217,Reviewed,2023-12-15,4.2,52150,,,,,,
480,231,321,Reviewed,2023-06-08,3.9,60174,,,,,,
481,189,140,Booked,2023-07-29,3.6,58504,7.0,Leisure,4.0,9.0,Winter,False
482,125,130,Reviewed,2023-11-04,3.3,56394,,,,,,
483,102,22,Booked,2023-12-23,3.7,36944,6.0,Family_vacation,3.0,3.0,Summer,False
484,231,251,Booked,2023-02-04,4.4,36042,2.0,Family_vacation,2.0,9.0,Festival,False
485,74,146,Booked,2023-10-19,3.1,10906,1.0,Leisure,1.0,27.0,Winter,False
486,143,255,Reviewed,2023-04-13,3.1,9485,,,,,,
487,121,246,Booked,2023-02-25,2.7,12957,7.0,Leisure,1.0,6.0,Summer,False
488,207,35,Booked,2023-05-04,4.3,30504,4.0,Family_vacation,1.0,5.0,Festival,False
489,11,340,Booked,2023-09-15,5.0,21606,7.0,Business,5.0,11.0,Summer,False
490,243,79,Booked,2023-06-24,4.6,17184,2.0,Leisure,4.0,7.0,Summer,False
491,40,150,Reviewed,2023-09-16,2.7,34478,,,,,,
492,161,100,Reviewed,2023-06-21,4.1,51140,,,,,,
493,7,226,Reviewed,2023-02-05,4.4,32845,,,,,,
494,136,148,Booked,2023-10-13,3.8,24115,3.0,Business,3.0,22.0,Summer,False
495,137,9,Booked,2023-11-13,4.2,115014,3.0,Leisure,2.0,2.0,Winter,False
496,176,120,Booked,2023-01-04,3.0,66320,1.0,Leisure,1.0,25.0,Summer,False
497,196,322,Booked,2023-01-19,4.1,15779,1.0,Family_vacation,2.0,27.0,Festival,False
498,166,198,Booked,2023-05-25,4.3,79080,4.0,Family_vacation,2.0,8.0,Festival,False
499,89,326,Reviewed,2023-08-21,3.5,31334,,,,,,
500,117,275,Booked,2023-07-04,4.1,51291,6.0,Family_vacation,1.0,6.0,Festival,False
501,226,83,Booked,2023-07-08,4.1,37552,7.0,Leisure,2.0,5.0,Summer,False
502,182,278,Booked,2023-04-27,3.6,34746,7.0,Family_vacation,1.0,12.0,Winter,False
503,108,214,Booked,2023-08-24,4.8,44392,4.0,Leisure,2.0,12.0,Monsoon,False
504,103,69,Booked,2023-09-29,3.3,9492,6.0,Business,5.0,7.0,Monsoon,False
505,141,392,Reviewed,2023-07-29,4.0,25395,,,,,,
506,55,202,Reviewed,2023-03-14,3.2,19355,,,,,,
507,167,232,Reviewed,2023-06-03,4.2,72730,,,,,,
508,223,320,Booked,2023-07-31,3.0,28132,3.0,Family_vacation,2.0,29.0,Winter,False
509,240,265,Booked,2023-08-10,3.3,75500,1.0,Family_vacation,2.0,7.0,Festival,False
510,45,140,Booked,2023-12-15,3.5,29252,6.0,Leisure,2.0,19.0,Winter,False
511,82,240,Booked,2023-05-06,3.8,13746,7.0,Leisure,4.0,20.0,Summer,False
512,202,34,Reviewed,2023-02-13,4.5,80542,,,,,,
513,223,28,Booked,2023-06-19,4.1,46611,3.0,Business,2.0,24.0,Winter,False
514,79,34,Booked,2023-07-05,5.0,34518,5.0,Leisure,4.0,11.0,Winter,False
515,26,288,Booked,2023-03-23,4.9,33018,2.0,Leisure,1.0,4.0,Festival,False
516,142,322,Booked,2023-08-29,4.2,47337,6.0,Business,1.0,4.0,Winter,False
517,25,387,Reviewed,2023-01-21,4.2,69176,,,,,,
518,122,195,Booked,2023-09-02,2.9,2042,5.0,Family_vacation,2.0,27.0,Monsoon,False
519,150,293,Booked,2023-04-04,4.9,3686,4.0,Family_vacation,5.0,12.0,Monsoon,False
520,227,190,Booked,2023-02-05,3.2,55175,3.0,Family_vacation,1.0,13.0,Winter,False
521,240,343,Booked,2023-04-11,3.8,16995,3.0,Family_vacation,2.0,26.0,Summer,False
522,205,254,Reviewed,2023-01-09,3.9,61620,,,,,,
523,107,87,Reviewed,2023-07-06,3.8,10202,,,,,,
524,132,144,Reviewed,2023-09-24,4.8,13023,,,,,,
525,126,164,Reviewed,2023-03-27,3.3,3922,,,,,,
526,180,157,Booked,2023-05-15,3.7,64468,3.0,Business,1.0,9.0,Festival,False
527,86,283,Reviewed,2023-01-17,2.8,41040,,,,,,
528,3,377,Booked,2023-10-21,4.5,78456,2.0,Leisure,1.0,13.0,Festival,True
529,173,139,Booked,2023-12-23,3.3,36723,7.0,Family_vacation,2.0,28.0,Festival,False
530,88,68,Reviewed,2023-06-27,5.0,92025,,,,,,
531,50,251,Booked,2023-05-25,4.5,48056,6.0,Business,5.0,30.0,Monsoon,False
532,230,59,Reviewed,2023-01-12,3.6,124586,,,,,,
533,196,55,Booked,2023-05-05,3.7,59706,1.0,Business,2.0,19.0,Winter,False
534,222,39,Reviewed,2023-01-05,3.2,89214,,,,,,
535,207,175,Reviewed,2023-11-13,4.1,81310,,,,,,
536,161,236,Reviewed,2023-11-20,3.9,63462,,,,,,
537,171,55,Reviewed,2023-11-10,3.7,119412,,,,,,
538,36,103,Reviewed,2023-02-11,3.3,17988,,,,,,
539,244,47,Booked,2023-01-02,4.8,41346,2.0,Business,2.0,2.0,Summer,False
540,161,272,Booked,2023-04-09,4.3,33038,6.0,Leisure,2.0,20.0,Winter,False
541,188,347,Booked,2023-10-31,3.5,18983,4.0,Business,1.0,17.0,Summer,True
542,250,102,Reviewed,2023-05-15,4.6,85965,,,,,,
543,148,97,Booked,2023-12-25,4.6,98231,1.0,Business,2.0,6.0,Monsoon,False
544,59,84,Reviewed,2023-07-22,3.5,98140,,,,,,
545,76,308,Booked,2023-07-31,4.7,13812,2.0,Leisure,4.0,27.0,Monsoon,False
546,136,4,Booked,2023-12-02,3.9,15306,3.0,Leisure,3.0,3.0,Summer,True
547,89,376,Reviewed,2023-01-31,4.3,50666,,,,,,
548,111,41,Booked,2023-12-12,3.7,84294,4.0,Business,2.0,24.0,Summer,False
549,198,186,Booked,2023-12-24,4.2,25734,1.0,Family_vacation,1.0,9.0,Monsoon,False
550,191,246,Booked,2023-07-09,3.1,90699,4.0,Leisure,5.0,24.0,Winter,False
551,44,22,Reviewed,2023-12-20,3.3,73888,,,,,,
552,226,237,Reviewed,2023-06-16,5.0,61544,,,,,,
553,242,207,Booked,2023-08-26,3.8,54796,4.0,Business,1.0,5.0,Festival,False
554,7,72,Booked,2023-06-12,3.8,52304,6.0,Business,4.0,12.0,Summer,False
555,210,339,Booked,2023-03-30,2.7,21334,2.0,Business,3.0,13.0,Festival,False
556,87,102,Reviewed,2023-01-12,5.0,34386,,,,,,
557,78,282,Reviewed,2023-05-23,2.9,49632,,,,,,
558,156,371,Booked,2023-09-13,3.4,137256,2.0,Leisure,2.0,22.0,Summer,False
559,28,35,Booked,2023-06-15,4.6,50840,3.0,Business,2.0,8.0,Festival,False
560,107,252,Booked,2023-01-07,4.1,36828,2.0,Leisure,2.0,21.0,Monsoon,False
561,110,314,Reviewed,2023-03-04,4.9,46765,,,,,,
562,73,175,Reviewed,2023-07-11,4.8,113834,,,,,,
563,33,190,Booked,2023-10-17,4.0,11035,1.0,Leisure,2.0,12.0,Festival,False
564,242,168,Booked,2023-12-19,2.7,30912,3.0,Family_vacation,1.0,30.0,Festival,False
565,143,175,Booked,2023-10-23,4.8,97572,2.0,Business,2.0,11.0,Winter,False
566,157,122,Reviewed,2023-05-08,3.5,17400,,,,,,
567,228,10,Booked,2023-06-10,3.3,7512,4.0,Business,2.0,20.0,Monsoon,True
568,126,237,Reviewed,2023-11-05,5.0,52752,,,,,,
569,69,35,Reviewed,2023-08-19,4.2,20336,,,,,,
570,203,395,Booked,2023-05-22,3.6,36171,7.0,Business,1.0,16.0,Winter,False
571,1,168,Booked,2023-07-02,3.3,17664,5.0,Business,2.0,26.0,Monsoon,False
572,125,161,Booked,2023-11-06,3.5,11384,7.0,Family_vacation,2.0,7.0,Summer,False
573,16,377,Reviewed,2023-04-10,5.0,98070,,,,,,
574,73,128,Reviewed,2023-07-12,3.7,41034,,,,,,
575,219,6,Reviewed,2023-06-02,4.2,38190,,,,,,
576,76,13,Booked,2023-01-15,4.0,139636,4.0,Business,4.0,15.0,Winter,False
577,98,285,Booked,2023-03-22,3.9,134687,3.0,Business,4.0,15.0,Monsoon,False
578,156,233,Reviewed,2023-05-26,3.8,4408,,,,,,
579,83,9,Reviewed,2023-03-05,3.5,57507,,,,,,
580,142,245,Booked,2023-07-08,4.5,139552,6.0,Leisure,1.0,18.0,Summer,False
581,166,166,Reviewed,2023-07-22,4.7,25210,,,,,,
582,215,390,Reviewed,2023-01-18,4.8,5712,,,,,,
583,145,388,Booked,2023-10-19,2.5,89530,1.0,Family_vacation,2.0,23.0,Winter,False
584,238,35,Reviewed,2023-03-13,4.0,50840,,,,,,
585,42,366,Reviewed,2023-05-01,3.8,28539,,,,,,
586,249,183,Reviewed,2023-06-23,4.5,57384,,,,,,
587,193,36,Booked,2023-09-10,3.9,4135,5.0,Leisure,2.0,21.0,Festival,False
588,141,46,Booked,2023-04-17,3.3,9712,7.0,Leisure,1.0,8.0,Winter,True
589,175,286,Reviewed,2023-01-13,3.4,80248,,,,,,
590,179,116,Booked,2023-09-03,3.5,22360,7.0,Business,2.0,5.0,Winter,False
591,83,199,Booked,2023-11-21,4.8,19541,5.0,Leisure,2.0,16.0,Summer,False
592,179,213,Booked,2023-10-09,3.8,37982,5.0,Business,2.0,7.0,Winter,False
593,2,179,Booked,2023-12-26,2.6,29205,5.0,Business,2.0,13.0,Winter,False
594,2,322,Reviewed,2023-11-15,3.8,78895,,,,,,
595,96,262,Reviewed,2023-07-18,3.2,5314,,,,,,
596,194,312,Booked,2023-05-12,4.8,18315,3.0,Leisure,2.0,4.0,Monsoon,False
597,115,309,Booked,2023-11-30,4.5,128905,4.0,Business,2.0,6.0,Summer,True
598,206,55,Booked,2023-04-16,3.8,99510,6.0,Family_vacation,1.0,10.0,Winter,False
599,210,156,Reviewed,2023-07-04,4.0,40254,,,,,,
600,161,118,Reviewed,2023-10-18,3.4,59766,,,,,,
601,65,112,Booked,2023-09-19,3.4,5939,2.0,Business,1.0,28.0,Monsoon,False
602,243,369,Reviewed,2023-07-18,3.8,15944,,,,,,
603,101,309,Reviewed,2023-03-26,4.7,73660,,,,,,
604,144,306,Reviewed,2023-05-27,3.8,70356,,,,,,
605,220,128,Reviewed,2023-02-09,3.9,5862,,,,,,
606,219,16,Booked,2023-11-14,3.0,9676,3.0,Business,2.0,10.0,Festival,False
607,146,82,Reviewed,2023-02-19,3.1,28174,,,,,,
608,166,98,Booked,2023-08-05,4.2,19749,1.0,Leisure,2.0,14.0,Summer,False
609,9,62,Reviewed,2023-06-04,3.6,79888,,,,,,
610,239,105,Reviewed,2023-03-03,4.3,20880,,,,,,
611,244,350,Reviewed,2023-01-16,4.1,28044,,,,,,
612,45,8,Reviewed,2023-02-27,3.9,23428,,,,,,
613,117,297,Booked,2023-12-22,4.7,54975,1.0,Family_vacation,1.0,19.0,Festival,True
614,178,79,Booked,2023-04-21,3.8,34368,4.0,Business,1.0,2.0,Festival,False
615,120,212,Reviewed,2023-03-31,4.0,28210,,,,,,
616,230,23,Reviewed,2023-12-03,3.1,130067,,,,,,
617,225,144,Booked,2023-12-30,4.2,52092,2.0,Leisure,3.0,22.0,Monsoon,False
618,49,121,Booked,2023-12-20,3.5,19116,6.0,Business,2.0,28.0,Festival,False
619,180,251,Booked,2023-04-29,5.0,72084,1.0,Leisure,1.0,12.0,Summer,False
620,117,242,Reviewed,2023-10-06,4.3,106014,,,,,,
621,231,191,Reviewed,2023-10-10,3.1,52437,,,,,,
622,189,328,Booked,2023-06-27,4.7,48235,4.0,Leisure,4.0,12.0,Monsoon,False
623,173,385,Booked,2023-09-11,4.9,74348,3.0,Leisure,2.0,3.0,Monsoon,False
624,86,184,Reviewed,2023-11-27,3.1,62713,,,,,,
625,139,349,Reviewed,2023-03-26,4.6,52959,,,,,,
626,130,321,Booked,2023-03-16,4.3,50145,6.0,Family_vacation,3.0,28.0,Winter,False
627,203,106,Booked,2023-12-21,3.4,91798,4.0,Business,1.0,17.0,Summer,False
628,148,3,Booked,2023-05-11,5.0,28854,2.0,Family_vacation,2.0,8.0,Monsoon,False
629,84,375,Booked,2023-07-11,3.4,24700,5.0,Family_vacation,2.0,27.0,Festival,False
630,90,384,Booked,2023-07-28,4.6,12270,2.0,Family_vacation,2.0,21.0,Festival,False
631,178,386,Reviewed,2023-04-07,4.1,117635,,,,,,
632,249,259,Reviewed,2023-02-25,4.7,6555,,,,,,
633,178,157,Reviewed,2023-05-04,4.0,48351,,,,,,
634,212,108,Reviewed,2023-10-05,5.0,43568,,,,,,
635,49,13,Booked,2023-01-09,3.4,19948,2.0,Business,2.0,27.0,Summer,True
636,116,61,Booked,2023-08-05,4.1,42054,4.0,Business,2.0,23.0,Monsoon,False
637,96,107,Booked,2023-06-05,4.2,61775,4.0,Family_vacation,5.0,19.0,Summer,False
638,9,256,Booked,2023-06-13,4.1,36483,6.0,Leisure,4.0,25.0,Summer,False
639,151,318,Reviewed,2023-06-29,4.0,26508,,,,,,
640,126,14,Reviewed,2023-07-14,3.9,78692,,,,,,
641,195,45,Booked,2023-09-01,4.4,8027,1.0,Business,1.0,24.0,Summer,False
642,192,173,Booked,2023-05-04,5.0,45924,1.0,Leisure,1.0,10.0,Festival,False
643,106,49,Reviewed,2023-01-06,3.4,81820,,,,,,
644,221,346,Booked,2023-01-15,4.9,46480,1.0,Family_vacation,3.0,15.0,Monsoon,False
645,100,275,Booked,2023-12-01,4.6,51291,5.0,Business,5.0,17.0,Festival,False
646,116,151,Reviewed,2023-03-25,3.5,44565,,,,,,
647,85,219,Reviewed,2023-02-26,4.4,119511,,,,,,
648,20,102,Booked,2023-09-04,5.0,17193,4.0,Family_vacation,1.0,26.0,Winter,False
649,12,155,Booked,2023-04-04,2.8,80010,6.0,Family_vacation,1.0,28.0,Festival,False
650,114,359,Reviewed,2023-03-01,2.7,27998,,,,,,
651,34,380,Booked,2023-11-06,4.9,32212,4.0,Leisure,1.0,26.0,Festival,True
652,135,356,Booked,2023-07-08,4.8,14832,4.0,Leisure,2.0,2.0,Monsoon,False
653,180,217,Reviewed,2023-02-04,3.7,22350,,,,,,
654,225,341,Booked,2023-07-03,3.5,8350,2.0,Business,3.0,1.0,Winter,True
655,48,341,Reviewed,2023-04-11,3.5,8350,,,,,,
656,96,286,Booked,2023-05-15,3.9,80248,6.0,Business,5.0,14.0,Summer,False
657,60,104,Reviewed,2023-03-17,4.1,105450,,,,,,
658,180,201,Booked,2023-01-06,3.6,72240,7.0,Business,1.0,4.0,Monsoon,False
659,3,156,Booked,2023-03-12,3.9,13418,7.0,Leisure,1.0,26.0,Winter,False
660,122,245,Booked,2023-09-03,4.6,39872,4.0,Family_vacation,2.0,21.0,Summer,False
661,33,262,Booked,2023-03-16,3.9,2657,4.0,Family_vacation,2.0,3.0,Winter,False
662,193,212,Reviewed,2023-11-17,3.4,11284,,,,,,
663,212,135,Reviewed,2023-07-28,3.7,7044,,,,,,
664,11,165,Booked,2023-07-22,4.5,105372,6.0,Leisure,4.0,15.0,Winter,False
665,33,246,Booked,2023-11-11,3.5,64785,4.0,Family_vacation,2.0,28.0,Winter,False
666,134,148,Reviewed,2023-09-12,4.4,19292,,,,,,
667,154,16,Reviewed,2023-08-02,3.0,9676,,,,,,
668,181,398,Booked,2023-03-16,5.0,14005,3.0,Leisure,2.0,13.0,Monsoon,False
669,207,175,Booked,2023-06-05,4.9,81310,3.0,Leisure,1.0,28.0,Festival,False
670,99,388,Booked,2023-12-19,3.1,89530,6.0,Family_vacation,1.0,20.0,Winter,False
671,24,355,Reviewed,2023-09-08,4.8,36255,,,,,,
672,133,316,Booked,2023-11-20,2.6,19242,3.0,Leisure,1.0,28.0,Monsoon,False
673,59,161,Reviewed,2023-06-15,3.6,28460,,,,,,
674,49,179,Booked,2023-06-06,2.7,29205,5.0,Family_vacation,2.0,14.0,Monsoon,False
675,109,343,Reviewed,2023-12-04,3.0,28325,,,,,,
676,228,72,Booked,2023-12-19,3.8,44832,6.0,Leisure,2.0,23.0,Monsoon,False
677,119,298,Booked,2023-09-24,3.0,107424,6.0,Leisure,1.0,21.0,Winter,False
678,203,325,Booked,2023-06-22,3.1,18570,7.0,Leisure,1.0,12.0,Winter,False
679,184,139,Reviewed,2023-10-18,3.4,36723,,,,,,
680,38,131,Booked,2023-11-07,3.9,17918,4.0,Family_vacation,2.0,13.0,Summer,True
681,208,131,Booked,2023-09-11,4.2,89590,5.0,Leisure,1.0,17.0,Festival,False
682,14,219,Booked,2023-11-18,4.7,85365,1.0,Leisure,1.0,14.0,Festival,False
683,36,93,Booked,2023-03-04,3.0,32375,1.0,Business,3.0,9.0,Summer,False
684,69,66,Reviewed,2023-02-19,4.9,112518,,,,,,
685,109,105,Reviewed,2023-01-21,4.3,17400,,,,,,
686,16,6,Reviewed,2023-02-27,4.3,95475,,,,,,
687,185,142,Booked,2023-05-26,3.3,37458,2.0,Family_vacation,5.0,19.0,Monsoon,False
688,91,122,Reviewed,2023-03-19,3.1,21750,,,,,,
689,82,391,Booked,2023-04-23,3.8,89495,4.0,Business,5.0,20.0,Summer,False
690,24,293,Booked,2023-11-11,5.0,11058,7.0,Leisure,3.0,4.0,Winter,False
691,57,124,Booked,2023-08-24,4.2,20610,2.0,Leisure,1.0,4.0,Summer,False
692,79,223,Booked,2023-10-24,4.3,24423,4.0,Leisure,3.0,8.0,Summer,False
693,105,365,Reviewed,2023-08-16,4.8,68976,,,,,,
694,228,197,Reviewed,2023-11-11,4.1,7693,,,,,,
695,139,392,Reviewed,2023-05-20,3.8,50790,,,,,,
696,126,224,Booked,2023-09-26,4.0,4957,4.0,Family_vacation,1.0,20.0,Festival,False
697,156,106,Booked,2023-07-10,3.1,13114,5.0,Family_vacation,2.0,22.0,Festival,False
698,104,107,Booked,2023-04-22,4.1,49420,3.0,Business,5.0,10.0,Winter,False
699,225,241,Booked,2023-01-13,4.9,36805,2.0,Family_vacation,5.0,3.0,Festival,False
700,6,200,Booked,2023-10-20,4.1,43548,1.0,Leisure,2.0,14.0,Festival,False
701,23,224,Booked,2023-05-11,4.0,14871,3.0,Leisure,4.0,6.0,Winter,False
702,150,331,Booked,2023-09-22,3.5,43792,2.0,Business,4.0,12.0,Summer,False
703,24,363,Booked,2023-03-23,4.1,74178,5.0,Business,4.0,3.0,Monsoon,False
704,76,73,Reviewed,2023-08-12,4.4,31636,,,,,,
705,59,210,Reviewed,2023-06-09,3.5,3837,,,,,,
706,60,48,Reviewed,2023-11-14,4.2,82032,,,,,,
707,201,380,Reviewed,2023-04-01,4.6,32212,,,,,,
708,242,217,Booked,2023-03-27,3.9,52150,2.0,Family_vacation,1.0,23.0,Summer,True
709,26,138,Reviewed,2023-04-02,3.3,113617,,,,,,
710,119,284,Reviewed,2023-07-08,4.3,11040,,,,,,
711,137,96,Booked,2023-05-06,3.4,29514,7.0,Business,2.0,25.0,Monsoon,False
712,6,257,Booked,2023-09-16,4.8,65372,2.0,Business,2.0,2.0,Festival,False
713,34,124,Reviewed,2023-11-08,4.5,51525,,,,,,
714,201,143,Booked,2023-08-25,3.5,18254,6.0,Business,2.0,23.0,Winter,False
715,156,387,Booked,2023-01-22,4.2,69176,2.0,Business,2.0,10.0,Festival,False
716,126,347,Booked,2023-07-22,3.2,113898,4.0,Family_vacation,1.0,15.0,Monsoon,False
717,148,368,Booked,2023-07-27,3.6,68790,4.0,Business,2.0,17.0,Festival,False
718,10,106,Booked,2023-02-07,3.6,39342,7.0,Leisure,2.0,4.0,Festival,False
719,77,192,Booked,2023-01-13,3.9,14392,7.0,Business,3.0,14.0,Winter,False
720,152,389,Booked,2023-03-13,3.5,47388,4.0,Business,3.0,1.0,Winter,False
721,65,250,Booked,2023-07-24,4.5,18876,3.0,Business,1.0,15.0,Winter,False
722,14,126,Reviewed,2023-03-16,4.3,15518,,,,,,
723,76,192,Booked,2023-01-28,4.0,28784,6.0,Leisure,3.0,20.0,Monsoon,False
724,132,283,Booked,2023-09-02,2.7,57456,7.0,Leisure,2.0,3.0,Monsoon,False
725,80,260,Booked,2023-03-26,3.4,15397,2.0,Family_vacation,5.0,18.0,Monsoon,True
726,131,112,Reviewed,2023-11-19,3.9,5939,,,,,,
727,115,207,Booked,2023-06-21,3.7,54796,3.0,Family_vacation,2.0,11.0,Monsoon,False
728,206,265,Booked,2023-10-27,3.3,75500,7.0,Leisure,1.0,14.0,Summer,False
729,141,374,Reviewed,2023-10-17,4.0,14260,,,,,,
730,239,194,Reviewed,2023-06-19,5.0,73716,,,,,,
731,188,370,Booked,2023-11-22,4.2,12034,7.0,Business,1.0,3.0,Festival,False
732,57,22,Reviewed,2023-01-23,3.2,36944,,,,,,
733,50,215,Booked,2023-10-19,4.1,75796,7.0,Business,4.0,18.0,Monsoon,False
734,54,1,Booked,2023-02-03,4.2,9524,3.0,Family_vacation,2.0,16.0,Summer,False
735,235,85,Booked,2023-12-11,4.2,14652,6.0,Leisure,1.0,26.0,Monsoon,False
736,96,241,Booked,2023-05-13,4.8,36805,7.0,Family_vacation,4.0,21.0,Monsoon,False
737,171,350,Reviewed,2023-10-29,3.7,21033,,,,,,
738,207,305,Booked,2023-05-06,3.4,2422,4.0,Leisure,1.0,9.0,Monsoon,False
739,77,256,Booked,2023-07-27,3.8,60805,3.0,Leisure,3.0,27.0,Winter,False
740,217,113,Reviewed,2023-05-08,4.6,24356,,,,,,
741,238,51,Reviewed,2023-12-24,4.2,27402,,,,,,
742,106,381,Booked,2023-07-24,4.8,43335,3.0,Business,1.0,8.0,Winter,False
743,243,340,Reviewed,2023-02-03,5.0,10803,,,,,,
744,112,208,Booked,2023-08-10,3.6,73764,1.0,Leisure,4.0,4.0,Monsoon,False
745,226,252,Reviewed,2023-07-22,3.7,24552,,,,,,
746,111,121,Reviewed,2023-05-27,3.3,133812,,,,,,
747,43,173,Reviewed,2023-03-23,5.0,57405,,,,,,
748,97,43,Booked,2023-02-21,4.1,110040,6.0,Business,2.0,5.0,Festival,False
749,24,358,Booked,2023-11-28,4.2,15869,1.0,Leisure,3.0,2.0,Winter,False
750,216,188,Booked,2023-12-14,4.4,80612,6.0,Leisure,1.0,22.0,Summer,True
751,229,159,Booked,2023-06-19,4.0,72565,1.0,Business,2.0,20.0,Summer,False
752,50,88,Booked,2023-07-20,5.0,50868,1.0,Leisure,5.0,10.0,Summer,False
753,73,71,Reviewed,2023-02-03,4.9,26019,,,,,,
754,67,81,Booked,2023-11-26,3.4,79520,1.0,Leisure,1.0,20.0,Winter,False
755,9,202,Booked,2023-06-23,3.4,23226,4.0,Leisure,4.0,17.0,Monsoon,False
756,181,206,Reviewed,2023-08-03,3.4,25758,,,,,,
757,204,159,Booked,2023-12-08,4.2,29026,4.0,Business,5.0,5.0,Summer,True
758,151,61,Reviewed,2023-03-17,3.2,28036,,,,,,
759,33,77,Booked,2023-02-07,3.5,10881,6.0,Leisure,2.0,19.0,Winter,False
760,112,210,Booked,2023-03-04,4.2,23022,6.0,Family_vacation,5.0,19.0,Monsoon,False
761,54,243,Booked,2023-12-02,3.1,8746,4.0,Business,2.0,12.0,Summer,True
762,216,130,Booked,2023-07-19,3.5,37596,4.0,Family_vacation,1.0,13.0,Monsoon,False
763,209,168,Reviewed,2023-12-29,2.9,13248,,,,,,
764,246,385,Booked,2023-10-18,5.0,37174,1.0,Business,4.0,14.0,Summer,False
765,86,76,Booked,2023-01-22,4.8,35704,5.0,Family_vacation,2.0,16.0,Monsoon,False
766,185,93,Booked,2023-08-02,2.7,4625,6.0,Leisure,5.0,11.0,Monsoon,False
767,27,248,Booked,2023-09-14,3.3,26172,3.0,Family_vacation,1.0,22.0,Monsoon,False
768,228,271,Reviewed,2023-10-30,4.5,87205,,,,,,
769,51,223,Booked,2023-01-21,3.9,20934,5.0,Family_vacation,1.0,10.0,Festival,True
770,86,10,Reviewed,2023-07-28,3.4,52584,,,,,,
771,17,243,Reviewed,2023-08-02,4.0,21865,,,,,,
772,147,119,Booked,2023-06-11,4.5,11778,4.0,Leisure,2.0,10.0,Summer,False
773,172,297,Reviewed,2023-05-11,4.5,18325,,,,,,
774,136,118,Booked,2023-01-21,2.7,59766,4.0,Business,4.0,1.0,Festival,True
775,20,141,Booked,2023-10-02,4.1,12330,4.0,Business,1.0,17.0,Monsoon,False
776,170,27,Booked,2023-09-12,3.8,10506,5.0,Family_vacation,2.0,18.0,Monsoon,False
777,219,121,Reviewed,2023-07-19,3.6,57348,,,,,,
778,46,280,Reviewed,2023-12-02,4.5,38286,,,,,,
779,110,41,Booked,2023-06-18,3.6,56196,1.0,Business,2.0,5.0,Monsoon,False
780,75,344,Reviewed,2023-05-12,3.5,9664,,,,,,
781,53,374,Booked,2023-03-25,3.9,49910,3.0,Leisure,2.0,18.0,Summer,True
782,40,63,Booked,2023-01-02,4.7,14098,7.0,Leisure,3.0,4.0,Festival,False
783,129,393,Booked,2023-10-01,4.3,4803,4.0,Family_vacation,1.0,20.0,Monsoon,False
784,92,48,Reviewed,2023-06-30,4.4,95704,,,,,,
785,49,280,Reviewed,2023-05-09,5.0,31905,,,,,,
786,206,393,Booked,2023-02-14,4.9,9606,2.0,Leisure,1.0,6.0,Winter,False
787,237,388,Booked,2023-11-20,2.9,53718,7.0,Leisure,4.0,4.0,Festival,False
788,49,318,Booked,2023-11-23,3.5,22090,6.0,Family_vacation,2.0,3.0,Winter,False
789,240,400,Booked,2023-09-11,3.7,22180,4.0,Leisure,2.0,21.0,Monsoon,False
790,11,19,Booked,2023-08-20,3.7,95715,3.0,Business,5.0,30.0,Monsoon,False
791,107,384,Reviewed,2023-01-04,4.9,85890,,,,,,
792,119,44,Booked,2023-03-10,4.5,70175,5.0,Family_vacation,1.0,25.0,Summer,False
793,122,254,Booked,2023-10-11,4.3,73944,7.0,Leisure,2.0,4.0,Summer,False
794,164,163,Booked,2023-05-06,4.8,82383,4.0,Leisure,1.0,2.0,Summer,True
795,77,341,Reviewed,2023-03-12,3.8,11690,,,,,,
796,98,79,Reviewed,2023-05-24,4.0,22912,,,,,,
797,20,272,Booked,2023-07-06,3.9,49557,6.0,Leisure,1.0,14.0,Summer,True
798,73,168,Reviewed,2023-04-05,3.2,30912,,,,,,
799,36,269,Booked,2023-11-05,3.4,1528,3.0,Business,3.0,9.0,Monsoon,False
800,32,94,Booked,2023-10-23,4.2,37429,1.0,Business,1.0,2.0,Monsoon,False
801,195,282,Booked,2023-10-05,3.6,12408,7.0,Family_vacation,1.0,18.0,Monsoon,False
802,169,153,Booked,2023-02-21,3.9,25865,1.0,Leisure,4.0,3.0,Monsoon,False
803,14,71,Booked,2023-02-05,4.5,18585,1.0,Business,1.0,29.0,Festival,True
804,208,185,Reviewed,2023-07-27,3.8,7527,,,,,,
805,41,303,Reviewed,2023-10-15,4.9,37074,,,,,,
806,21,172,Reviewed,2023-03-28,3.2,53070,,,,,,
807,180,54,Booked,2023-11-19,5.0,62368,2.0,Family_vacation,1.0,23.0,Winter,False
808,246,350,Booked,2023-09-18,3.5,28044,1.0,Family_vacation,5.0,29.0,Monsoon,False
809,187,398,Reviewed,2023-04-07,4.8,28010,,,,,,
810,16,221,Booked,2023-04-19,3.3,26316,2.0,Family_vacation,2.0,10.0,Monsoon,False
811,250,303,Booked,2023-07-30,4.9,55611,3.0,Business,5.0,28.0,Summer,False
812,66,332,Booked,2023-11-06,3.1,1758,4.0,Family_vacation,2.0,7.0,Monsoon,False
813,148,95,Reviewed,2023-11-25,4.1,80124,,,,,,
814,64,68,Booked,2023-12-31,4.4,36810,6.0,Business,1.0,24.0,Summer,False
815,35,112,Booked,2023-05-22,4.3,29695,1.0,Family_vacation,1.0,7.0,Summer,False
816,4,212,Reviewed,2023-02-24,3.4,22568,,,,,,
817,37,76,Booked,2023-11-28,4.7,124964,3.0,Leisure,4.0,13.0,Monsoon,False
818,52,326,Booked,2023-03-16,3.3,47001,2.0,Family_vacation,2.0,28.0,Winter,False
819,243,141,Booked,2023-08-12,3.3,2466,4.0,Leisure,3.0,2.0,Summer,False
820,135,149,Booked,2023-04-15,4.1,51954,2.0,Leisure,2.0,9.0,Winter,False
821,4,243,Reviewed,2023-09-29,3.1,17492,,,,,,
822,90,156,Booked,2023-11-26,3.8,13418,6.0,Leisure,2.0,27.0,Festival,False
823,70,83,Booked,2023-09-03,3.6,18776,1.0,Business,2.0,21.0,Festival,False
824,243,283,Reviewed,2023-09-18,3.3,16416,,,,,,
825,29,138,Reviewed,2023-07-09,3.3,97386,,,,,,
826,26,140,Reviewed,2023-12-04,3.4,43878,,,,,,
827,192,207,Booked,2023-01-11,3.0,13699,2.0,Leisure,1.0,9.0,Winter,False
828,172,285,Booked,2023-11-11,3.9,96205,2.0,Family_vacation,2.0,16.0,Summer,False
829,6,168,Reviewed,2023-12-20,3.3,17664,,,,,,
830,146,175,Reviewed,2023-01-01,4.5,32524,,,,,,
831,28,376,Booked,2023-06-06,4.4,28952,3.0,Family_vacation,2.0,26.0,Monsoon,False
832,161,206,Booked,2023-12-09,3.4,64395,5.0,Family_vacation,2.0,12.0,Summer,False
833,160,101,Booked,2023-05-06,3.2,28630,3.0,Leisure,2.0,16.0,Winter,False
834,127,117,Reviewed,2023-08-09,5.0,9492,,,,,,
835,177,40,Booked,2023-02-22,3.6,30192,2.0,Leisure,1.0,28.0,Summer,False
836,106,274,Booked,2023-02-07,2.9,75515,4.0,Family_vacation,1.0,5.0,Winter,False
837,56,190,Booked,2023-02-19,3.0,11035,5.0,Leisure,2.0,4.0,Monsoon,False
838,228,231,Reviewed,2023-04-18,3.0,38258,,,,,,
839,157,61,Reviewed,2023-02-17,3.9,49063,,,,,,
840,154,275,Booked,2023-11-19,4.8,34194,1.0,Leisure,1.0,23.0,Monsoon,False
841,169,388,Reviewed,2023-12-23,3.2,125342,,,,,,
842,126,111,Reviewed,2023-07-30,4.2,4275,,,,,,
843,23,258,Booked,2023-10-26,3.4,97425,3.0,Business,4.0,23.0,Monsoon,False
844,193,232,Booked,2023-10-12,4.0,10390,6.0,Business,2.0,21.0,Summer,False
845,50,89,Booked,2023-03-22,3.0,19299,6.0,Business,3.0,27.0,Winter,False
846,76,236,Reviewed,2023-02-01,3.7,18132,,,,,,
847,159,69,Booked,2023-01-17,3.3,28476,2.0,Leisure,2.0,21.0,Monsoon,False
848,111,79,Reviewed,2023-12-19,3.8,11456,,,,,,
849,122,194,Reviewed,2023-01-04,4.5,18429,,,,,,
850,137,90,Booked,2023-12-17,4.5,37776,1.0,Business,2.0,25.0,Winter,False
851,40,213,Reviewed,2023-02-25,4.2,113946,,,,,,
852,209,86,Booked,2023-05-17,4.9,113658,5.0,Family_vacation,2.0,17.0,Monsoon,False
853,41,305,Booked,2023-09-30,3.8,4844,4.0,Leisure,3.0,20.0,Festival,False
854,67,311,Reviewed,2023-04-20,3.7,41790,,,,,,
855,198,11,Reviewed,2023-04-11,3.6,57172,,,,,,
856,198,275,Booked,2023-08-27,4.8,119679,5.0,Business,1.0,26.0,Winter,False
857,59,378,Reviewed,2023-12-25,4.9,85526,,,,,,
858,29,287,Reviewed,2023-09-03,4.6,39174,,,,,,
859,149,365,Booked,2023-03-11,4.4,22992,5.0,Business,2.0,26.0,Winter,False
860,13,261,Reviewed,2023-11-07,4.0,4123,,,,,,
861,62,276,Booked,2023-10-10,3.8,95925,5.0,Business,4.0,9.0,Monsoon,False
862,212,92,Booked,2023-01-23,4.9,135114,7.0,Business,2.0,5.0,Winter,False
863,23,266,Booked,2023-03-17,3.1,3726,4.0,Family_vacation,5.0,18.0,Summer,False
864,83,236,Reviewed,2023-03-26,3.7,63462,,,,,,
865,87,16,Reviewed,2023-01-17,3.7,67732,,,,,,
866,7,397,Booked,2023-12-07,3.3,85386,7.0,Family_vacation,3.0,3.0,Monsoon,False
867,191,327,Booked,2023-10-27,3.5,92754,2.0,Leisure,3.0,15.0,Monsoon,True
868,162,384,Reviewed,2023-11-06,4.0,24540,,,,,,
869,91,161,Booked,2023-07-14,3.3,39844,5.0,Family_vacation,4.0,25.0,Monsoon,False
870,22,280,Reviewed,2023-03-17,4.9,31905,,,,,,
871,139,245,Reviewed,2023-05-28,4.8,139552,,,,,,
872,20,78,Booked,2023-03-31,4.5,12975,5.0,Family_vacation,1.0,26.0,Summer,False
873,121,21,Reviewed,2023-09-17,4.0,12483,,,,,,
874,12,307,Booked,2023-01-26,4.1,14334,2.0,Leisure,1.0,12.0,Monsoon,True
875,186,265,Reviewed,2023-05-21,3.7,75500,,,,,,
876,97,289,Reviewed,2023-03-04,3.5,17440,,,,,,
877,205,138,Reviewed,2023-09-19,3.0,48693,,,,,,
878,95,339,Booked,2023-01-26,2.9,74669,2.0,Family_vacation,4.0,24.0,Summer,False
879,11,321,Reviewed,2023-08-29,3.8,20058,,,,,,
880,62,211,Booked,2023-11-05,4.8,20615,4.0,Family_vacation,4.0,26.0,Summer,False
881,200,326,Booked,2023-09-27,3.2,15667,1.0,Leisure,3.0,30.0,Summer,False
882,65,271,Booked,2023-03-05,4.8,87205,6.0,Business,1.0,9.0,Monsoon,False
883,165,91,Booked,2023-10-08,3.5,17724,2.0,Family_vacation,2.0,7.0,Festival,False
884,49,271,Booked,2023-11-28,3.9,52323,2.0,Business,2.0,22.0,Summer,False
885,103,317,Reviewed,2023-12-14,3.2,30164,,,,,,
886,134,293,Reviewed,2023-11-27,5.0,22116,,,,,,
887,79,209,Booked,2023-06-02,2.7,10944,4.0,Family_vacation,3.0,12.0,Festival,False
888,80,399,Reviewed,2023-05-09,3.6,99526,,,,,,
889,11,200,Booked,2023-05-30,4.7,65322,4.0,Business,4.0,25.0,Monsoon,False
890,222,22,Reviewed,2023-04-06,3.3,36944,,,,,,
891,185,346,Reviewed,2023-07-08,4.3,69720,,,,,,
892,48,151,Booked,2023-04-09,4.4,53478,1.0,Family_vacation,2.0,3.0,Festival,False
893,106,144,Reviewed,2023-05-29,4.5,91161,,,,,,
894,136,259,Booked,2023-01-12,5.0,39330,1.0,Leisure,3.0,18.0,Winter,False
895,71,170,Booked,2023-03-10,4.2,48755,6.0,Business,1.0,22.0,Monsoon,True
896,176,328,Reviewed,2023-01-30,5.0,28941,,,,,,
897,62,105,Booked,2023-04-21,3.6,24360,7.0,Leisure,3.0,27.0,Monsoon,False
898,227,363,Booked,2023-03-04,4.4,24726,7.0,Business,1.0,26.0,Summer,True
899,183,308,Booked,2023-08-21,4.7,27624,7.0,Business,2.0,18.0,Summer,False
900,51,124,Reviewed,2023-10-31,3.7,61830,,,,,,
901,51,253,Booked,2023-04-21,3.4,74334,3.0,Business,1.0,2.0,Festival,False
902,186,40,Booked,2023-02-12,4.0,75480,7.0,Family_vacation,2.0,16.0,Monsoon,False
903,25,237,Reviewed,2023-09-14,5.0,61544,,,,,,
904,142,369,Reviewed,2023-09-26,4.0,3986,,,,,,
905,234,95,Booked,2023-04-17,4.4,93478,1.0,Family_vacation,1.0,4.0,Monsoon,False
906,29,282,Booked,2023-03-07,3.5,62040,1.0,Business,1.0,23.0,Festival,False
907,164,360,Booked,2023-09-12,4.6,16884,7.0,Family_vacation,1.0,4.0,Festival,False
908,226,318,Booked,2023-12-15,3.3,13254,5.0,Leisure,2.0,5.0,Summer,True
909,155,37,Booked,2023-03-05,5.0,26934,7.0,Family_vacation,2.0,10.0,Summer,False
910,58,119,Reviewed,2023-07-23,4.2,17667,,,,,,
911,215,14,Reviewed,2023-10-28,4.0,78692,,,,,,
912,50,88,Reviewed,2023-03-22,5.0,63585,,,,,,
913,155,259,Booked,2023-03-17,4.3,26220,3.0,Leisure,2.0,11.0,Festival,True
914,66,19,Reviewed,2023-12-23,4.3,114858,,,,,,
915,76,67,Booked,2023-09-24,4.6,55002,1.0,Leisure,5.0,1.0,Monsoon,False
916,240,203,Reviewed,2023-08-08,4.7,121051,,,,,,
917,191,24,Reviewed,2023-09-23,4.2,3540,,,,,,
918,192,66,Booked,2023-08-07,4.8,18753,1.0,Business,1.0,28.0,Summer,False
919,53,185,Reviewed,2023-07-19,3.7,12545,,,,,,
920,23,391,Booked,2023-01-14,4.0,76710,4.0,Business,4.0,24.0,Winter,True
921,45,394,Reviewed,2023-04-22,4.1,41700,,,,,,
922,92,27,Booked,2023-08-09,3.3,10506,4.0,Family_vacation,1.0,4.0,Festival,False
923,125,218,Booked,2023-10-15,4.5,23454,5.0,Business,2.0,17.0,Monsoon,False
924,247,21,Reviewed,2023-03-01,3.8,62415,,,,,,
925,2,271,Booked,2023-08-18,4.6,52323,3.0,Business,2.0,16.0,Winter,False
926,55,120,Reviewed,2023-11-27,3.0,79584,,,,,,
927,32,28,Booked,2023-02-22,3.9,62148,6.0,Family_vacation,1.0,1.0,Summer,False
928,145,298,Reviewed,2023-12-29,2.9,53712,,,,,,
929,74,294,Reviewed,2023-04-04,4.7,78984,,,,,,
930,116,131,Booked,2023-10-26,4.6,71672,7.0,Family_vacation,2.0,23.0,Festival,False
931,147,193,Booked,2023-12-03,3.5,26885,6.0,Family_vacation,2.0,25.0,Festival,True
932,134,152,Booked,2023-03-16,4.2,55305,5.0,Leisure,1.0,21.0,Winter,False
933,145,53,Booked,2023-05-31,3.9,87825,3.0,Family_vacation,2.0,20.0,Winter,False
934,228,98,Booked,2023-02-25,3.6,46081,7.0,Business,2.0,10.0,Winter,False
935,111,207,Reviewed,2023-10-16,3.5,13699,,,,,,
936,105,319,Reviewed,2023-12-25,2.8,41350,,,,,,
937,122,80,Reviewed,2023-07-23,5.0,26208,,,,,,
938,196,214,Reviewed,2023-01-16,4.7,22196,,,,,,
939,192,111,Reviewed,2023-06-08,3.9,25650,,,,,,
940,59,267,Reviewed,2023-11-07,4.5,45222,,,,,,
941,170,309,Booked,2023-07-05,4.4,92075,2.0,Family_vacation,2.0,29.0,Summer,False
942,73,2,Reviewed,2023-06-26,4.0,51330,,,,,,
943,31,73,Reviewed,2023-12-22,4.7,63272,,,,,,
944,88,16,Booked,2023-10-09,3.7,67732,2.0,Leisure,2.0,19.0,Monsoon,False
945,38,223,Booked,2023-12-05,3.7,24423,5.0,Leisure,2.0,19.0,Festival,False
946,162,38,Booked,2023-04-21,3.8,77116,7.0,Leisure,2.0,4.0,Winter,False
947,207,271,Booked,2023-06-10,4.4,122087,1.0,Leisure,1.0,27.0,Winter,False
948,103,278,Reviewed,2023-03-18,2.9,121611,,,,,,
949,198,160,Booked,2023-09-18,4.1,6085,7.0,Business,1.0,27.0,Winter,False
950,58,1,Booked,2023-01-04,4.7,47620,4.0,Family_vacation,1.0,13.0,Festival,True
951,15,60,Reviewed,2023-07-18,4.4,15186,,,,,,
952,21,343,Booked,2023-04-09,3.6,16995,7.0,Business,2.0,2.0,Summer,False
953,15,314,Booked,2023-11-28,4.6,28059,6.0,Family_vacation,3.0,28.0,Monsoon,True
954,105,397,Booked,2023-04-01,3.4,60990,2.0,Family_vacation,4.0,21.0,Festival,False
955,13,374,Reviewed,2023-07-08,3.8,21390,,,,,,
956,70,9,Reviewed,2023-09-11,3.9,95845,,,,,,
957,73,201,Booked,2023-03-25,3.3,57792,2.0,Family_vacation,2.0,13.0,Festival,False
958,153,71,Reviewed,2023-06-26,4.4,26019,,,,,,
959,24,382,Booked,2023-09-09,3.9,125090,4.0,Leisure,3.0,6.0,Summer,False
960,68,12,Reviewed,2023-07-23,3.6,22356,,,,,,
961,137,135,Reviewed,2023-02-04,4.6,3522,,,,,,
962,52,233,Reviewed,2023-04-29,3.7,4408,,,,,,
963,245,161,Booked,2023-07-03,3.4,11384,2.0,Leisure,4.0,4.0,Festival,False
964,21,238,Reviewed,2023-01-06,3.9,38136,,,,,,
965,174,53,Reviewed,2023-02-10,4.5,17565,,,,,,
966,98,58,Booked,2023-04-23,4.1,20902,7.0,Family_vacation,5.0,11.0,Winter,False
967,140,294,Reviewed,2023-06-26,4.2,26328,,,,,,
968,56,230,Booked,2023-02-08,4.6,79950,3.0,Leisure,2.0,9.0,Summer,False
969,44,297,Reviewed,2023-06-15,4.1,128275,,,,,,
970,102,151,Booked,2023-09-19,3.5,62391,1.0,Leisure,4.0,10.0,Summer,False
971,53,350,Reviewed,2023-05-09,4.1,28044,,,,,,
972,121,274,Booked,2023-02-25,3.7,60412,6.0,Leisure,1.0,22.0,Winter,False
973,20,8,Booked,2023-03-24,4.5,46856,7.0,Family_vacation,1.0,18.0,Winter,False
974,50,134,Booked,2023-09-23,5.0,60964,2.0,Family_vacation,5.0,11.0,Festival,False
975,176,311,Booked,2023-08-13,3.1,23880,7.0,Business,1.0,28.0,Winter,False
976,218,264,Booked,2023-04-01,4.4,20943,4.0,Business,4.0,8.0,Festival,False
977,6,253,Booked,2023-12-26,3.8,74334,6.0,Leisure,2.0,13.0,Summer,False
978,180,32,Booked,2023-07-26,5.0,44828,2.0,Leisure,1.0,17.0,Winter,False
979,4,187,Booked,2023-01-02,4.2,7792,1.0,Family_vacation,2.0,27.0,Winter,False
980,162,179,Booked,2023-06-17,3.2,9735,4.0,Family_vacation,2.0,28.0,Monsoon,True
981,86,277,Reviewed,2023-08-18,3.5,19308,,,,,,
982,68,208,Booked,2023-10-19,3.6,18441,5.0,Family_vacation,2.0,25.0,Winter,True
983,147,72,Reviewed,2023-06-17,4.0,29888,,,,,,
984,194,305,Reviewed,2023-01-21,3.7,12110,,,,,,
985,198,350,Reviewed,2023-05-18,3.5,35055,,,,,,
986,156,278,Booked,2023-05-28,3.4,121611,1.0,Business,2.0,5.0,Summer,False
987,205,18,Reviewed,2023-11-06,4.6,38140,,,,,,
988,170,278,Booked,2023-08-10,3.6,86865,6.0,Family_vacation,2.0,9.0,Monsoon,False
989,77,311,Booked,2023-06-22,3.7,29850,5.0,Family_vacation,5.0,3.0,Summer,False
990,116,321,Booked,2023-10-07,4.2,70203,7.0,Business,2.0,23.0,Festival,True
991,237,92,Reviewed,2023-05-01,5.0,77208,,,,,,
992,115,200,Booked,2023-09-02,4.0,76209,6.0,Business,2.0,1.0,Festival,False
993,200,40,Booked,2023-11-11,3.1,90576,6.0,Leisure,4.0,20.0,Festival,False
994,39,320,Reviewed,2023-10-22,3.8,70330,,,,,,
995,128,368,Reviewed,2023-03-20,3.7,27516,,,,,,
996,82,265,Booked,2023-10-23,3.3,113250,1.0,Family_vacation,5.0,11.0,Summer,False
997,48,350,Booked,2023-11-17,4.0,21033,1.0,Family_vacation,2.0,9.0,Summer,False
998,223,185,Reviewed,2023-07-19,3.7,12545,,,,,,
999,85,352,Booked,2023-08-22,4.4,12039,6.0,Business,2.0,6.0,Monsoon,False
1000,46,399,Booked,2023-06-25,4.4,42654,3.0,Business,5.0,13.0,Festival,False
1001,51,72,Booked,2023-06-30,4.3,37360,3.0,Business,1.0,21.0,Winter,False
1002,35,350,Reviewed,2023-09-30,4.0,49077,,,,,,
1003,69,201,Reviewed,2023-04-24,4.1,28896,,,,,,
1004,140,294,Reviewed,2023-02-22,4.1,26328,,,,,,
1005,67,41,Reviewed,2023-12-17,3.7,42147,,,,,,
1006,48,273,Booked,2023-06-22,3.5,14380,2.0,Leisure,2.0,13.0,Winter,False
1007,44,207,Booked,2023-10-29,3.1,82194,2.0,Leisure,2.0,17.0,Monsoon,False
1008,221,259,Booked,2023-02-24,4.7,26220,3.0,Leisure,3.0,21.0,Festival,False
1009,245,198,Booked,2023-10-14,3.9,98850,3.0,Leisure,5.0,10.0,Monsoon,False
1010,50,157,Booked,2023-11-18,3.8,96702,5.0,Family_vacation,3.0,30.0,Summer,False
1011,154,248,Reviewed,2023-03-26,3.2,65430,,,,,,
1012,214,361,Reviewed,2023-06-20,4.6,18990,,,,,,
1013,204,20,Reviewed,2023-02-14,4.9,14404,,,,,,
1014,101,158,Booked,2023-02-15,3.3,33096,1.0,Leisure,4.0,7.0,Summer,False
1015,45,188,Reviewed,2023-11-14,4.6,80612,,,,,,
1016,108,244,Reviewed,2023-09-26,4.3,25389,,,,,,
1017,110,230,Booked,2023-06-12,3.7,79950,3.0,Business,2.0,23.0,Summer,False
1018,198,45,Reviewed,2023-01-19,5.0,16054,,,,,,
1019,117,197,Booked,2023-11-12,3.8,7693,6.0,Family_vacation,1.0,17.0,Festival,False
1020,155,376,Booked,2023-03-09,4.5,7238,3.0,Leisure,2.0,5.0,Winter,False
1021,135,286,Booked,2023-06-28,3.8,22928,3.0,Family_vacation,2.0,26.0,Festival,False
1022,245,167,Booked,2023-10-26,4.7,34559,7.0,Leisure,5.0,15.0,Monsoon,False
1023,43,71,Booked,2023-09-10,5.0,18585,3.0,Family_vacation,1.0,29.0,Monsoon,False
1024,87,376,Reviewed,2023-10-29,4.1,21714,,,,,,
1025,204,163,Reviewed,2023-12-31,5.0,35307,,,,,,
1026,46,258,Reviewed,2023-03-07,3.5,97425,,,,,,
1027,234,61,Reviewed,2023-02-12,4.0,28036,,,,,,
1028,86,14,Booked,2023-03-11,4.8,19673,1.0,Business,2.0,5.0,Monsoon,False
1029,59,301,Reviewed,2023-11-28,4.1,8023,,,,,,
1030,246,122,Booked,2023-03-09,3.7,30450,7.0,Business,4.0,28.0,Monsoon,True
1031,2,166,Booked,2023-06-24,5.0,25210,2.0,Family_vacation,2.0,21.0,Festival,False
1032,47,350,Booked,2023-02-21,3.5,21033,7.0,Family_vacation,2.0,17.0,Festival,False
1033,159,367,Booked,2023-09-09,3.6,84315,6.0,Business,2.0,14.0,Festival,False
1034,202,226,Booked,2023-05-30,4.2,13138,6.0,Business,1.0,5.0,Monsoon,False
1035,190,361,Booked,2023-03-27,4.9,18990,2.0,Business,5.0,7.0,Winter,False
1036,207,55,Booked,2023-03-10,3.8,19902,2.0,Business,1.0,20.0,Winter,False
1037,166,4,Reviewed,2023-11-17,3.3,2551,,,,,,
1038,16,194,Booked,2023-01-05,5.0,92145,2.0,Leisure,2.0,9.0,Festival,False
1039,184,284,Booked,2023-08-26,3.9,27600,2.0,Leisure,4.0,17.0,Summer,False
1040,46,93,Booked,2023-06-29,3.1,13875,3.0,Family_vacation,4.0,18.0,Monsoon,False
1041,98,80,Reviewed,2023-10-20,5.0,19656,,,,,,
1042,37,317,Booked,2023-02-16,3.4,105574,7.0,Family_vacation,5.0,15.0,Festival,False
1043,142,124,Booked,2023-02-22,4.0,51525,7.0,Business,1.0,23.0,Festival,False
1044,166,241,Booked,2023-03-31,4.3,44166,2.0,Business,2.0,15.0,Winter,False
1045,168,299,Booked,2023-04-06,3.9,8956,3.0,Business,2.0,6.0,Winter,False
1046,146,315,Booked,2023-04-20,3.8,8248,1.0,Family_vacation,1.0,14.0,Monsoon,False
1047,150,39,Booked,2023-11-24,2.8,74345,5.0,Business,3.0,29.0,Winter,False
1048,94,360,Booked,2023-05-06,5.0,39396,5.0,Business,1.0,11.0,Monsoon,False
1049,32,251,Booked,2023-11-27,4.7,72084,4.0,Business,1.0,6.0,Festival,False
1050,242,11,Booked,2023-10-20,3.6,100051,3.0,Family_vacation,1.0,26.0,Festival,False
1051,186,60,Reviewed,2023-04-03,4.8,75930,,,,,,
1052,212,299,Booked,2023-08-13,2.9,44780,2.0,Leisure,2.0,3.0,Winter,True
1053,64,342,Booked,2023-11-02,3.8,75010,4.0,Family_vacation,1.0,4.0,Winter,False
1054,230,168,Booked,2023-03-12,3.1,22080,5.0,Business,3.0,5.0,Summer,False
1055,193,51,Reviewed,2023-03-10,4.5,36536,,,,,,
1056,187,372,Booked,2023-01-28,4.7,25270,1.0,Business,2.0,9.0,Festival,False
1057,241,352,Booked,2023-08-27,4.4,60195,7.0,Family_vacation,1.0,15.0,Monsoon,False
1058,178,379,Reviewed,2023-12-27,3.9,95634,,,,,,
1059,132,183,Booked,2023-04-05,4.7,95640,4.0,Business,2.0,26.0,Summer,False
1060,72,155,Booked,2023-05-01,3.5,68580,1.0,Family_vacation,5.0,11.0,Summer,False
1061,89,84,Booked,2023-04-18,3.8,98140,7.0,Business,2.0,1.0,Winter,False
1062,43,399,Reviewed,2023-10-28,4.3,85308,,,,,,
1063,7,48,Booked,2023-06-05,4.4,41016,6.0,Family_vacation,5.0,7.0,Summer,False
1064,51,3,Reviewed,2023-10-23,4.6,19236,,,,,,
1065,22,108,Reviewed,2023-12-18,5.0,6224,,,,,,
1066,156,59,Booked,2023-03-16,3.1,106788,2.0,Family_vacation,2.0,5.0,Summer,False
1067,31,352,Booked,2023-12-25,4.8,48156,4.0,Family_vacation,2.0,5.0,Summer,False
1068,198,382,Booked,2023-12-11,3.2,17870,4.0,Leisure,1.0,4.0,Winter,False
1069,11,62,Booked,2023-11-13,4.2,79888,2.0,Family_vacation,4.0,22.0,Festival,False
1070,51,319,Booked,2023-04-20,2.8,41350,2.0,Leisure,1.0,13.0,Monsoon,False
1071,4,339,Reviewed,2023-04-02,3.0,64002,,,,,,
1072,208,155,Reviewed,2023-09-24,2.7,80010,,,,,,
1073,201,145,Reviewed,2023-04-01,2.7,18423,,,,,,
1074,6,286,Booked,2023-12-16,3.8,57320,2.0,Leisure,2.0,28.0,Summer,False
1075,84,69,Reviewed,2023-03-18,3.7,18984,,,,,,
1076,33,9,Reviewed,2023-10-30,3.7,134183,,,,,,
1077,94,180,Reviewed,2023-07-14,3.9,10158,,,,,,
1078,208,380,Booked,2023-12-02,4.3,16106,6.0,Family_vacation,1.0,19.0,Monsoon,False
1079,178,299,Reviewed,2023-09-12,3.7,62692,,,,,,
1080,25,118,Booked,2023-08-21,2.6,25614,2.0,Leisure,1.0,30.0,Monsoon,False
1081,139,188,Booked,2023-07-18,4.0,23032,2.0,Business,1.0,9.0,Summer,False
1082,200,80,Booked,2023-01-14,4.6,26208,1.0,Leisure,3.0,12.0,Winter,False
1083,143,254,Reviewed,2023-05-23,3.4,61620,,,,,,
1084,159,32,Reviewed,2023-08-15,4.9,11207,,,,,,
1085,111,219,Booked,2023-10-30,3.7,34146,2.0,Business,2.0,28.0,Monsoon,False
1086,242,55,Booked,2023-06-25,3.9,139314,2.0,Family_vacation,1.0,21.0,Summer,False
1087,182,147,Booked,2023-01-17,4.5,4407,1.0,Family_vacation,1.0,12.0,Festival,False
1088,145,394,Booked,2023-11-24,4.3,55600,7.0,Leisure,2.0,20.0,Summer,False
1089,152,347,Booked,2023-06-28,3.0,75932,7.0,Business,3.0,9.0,Festival,False
1090,36,129,Booked,2023-08-25,4.5,9619,1.0,Family_vacation,3.0,25.0,Summer,False
1091,132,63,Reviewed,2023-01-20,3.9,98686,,,,,,
1092,234,378,Booked,2023-07-31,4.9,12218,4.0,Leisure,1.0,9.0,Summer,False
1093,109,265,Booked,2023-01-22,3.7,94375,1.0,Family_vacation,2.0,22.0,Monsoon,False
1094,38,304,Booked,2023-01-16,4.6,11430,3.0,Family_vacation,2.0,2.0,Festival,True
1095,131,22,Reviewed,2023-07-29,3.4,36944,,,,,,
1096,14,237,Reviewed,2023-12-31,4.6,8792,,,,,,
1097,249,25,Reviewed,2023-05-28,4.7,95010,,,,,,
1098,245,142,Booked,2023-09-09,3.2,131103,4.0,Business,3.0,23.0,Winter,True
1099,145,223,Booked,2023-04-04,3.8,24423,5.0,Family_vacation,2.0,12.0,Festival,False
1100,110,306,Booked,2023-05-10,3.5,23452,1.0,Family_vacation,2.0,1.0,Monsoon,False
1101,172,398,Reviewed,2023-04-13,4.9,28010,,,,,,
1102,211,226,Reviewed,2023-05-11,4.4,26276,,,,,,
1103,112,77,Reviewed,2023-02-10,3.6,3627,,,,,,
1104,135,124,Reviewed,2023-03-12,4.3,41220,,,,,,
1105,5,17,Reviewed,2023-01-30,3.8,20168,,,,,,
1106,107,218,Booked,2023-02-21,4.2,35181,6.0,Family_vacation,2.0,1.0,Summer,False
1107,13,229,Reviewed,2023-10-29,4.1,69944,,,,,,
1108,32,130,Booked,2023-01-20,3.3,56394,3.0,Family_vacation,1.0,8.0,Summer,False
1109,145,388,Booked,2023-12-25,3.4,107436,6.0,Leisure,2.0,19.0,Summer,False
1110,171,363,Booked,2023-02-03,4.3,24726,1.0,Leisure,5.0,20.0,Summer,False
1111,77,332,Booked,2023-11-03,3.4,7032,7.0,Family_vacation,5.0,16.0,Winter,False
1112,51,238,Booked,2023-10-30,4.1,19068,7.0,Leisure,1.0,13.0,Monsoon,False
1113,233,196,Booked,2023-02-20,3.4,11692,3.0,Business,2.0,16.0,Festival,False
1114,64,120,Booked,2023-03-31,3.3,53056,2.0,Business,1.0,24.0,Monsoon,False
1115,234,59,Booked,2023-11-09,3.2,17798,1.0,Family_vacation,1.0,27.0,Monsoon,False
1116,111,339,Booked,2023-03-13,2.5,42668,1.0,Family_vacation,2.0,15.0,Winter,False
1117,106,29,Booked,2023-03-23,4.1,61764,1.0,Family_vacation,1.0,26.0,Monsoon,True
1118,239,280,Booked,2023-02-12,4.5,38286,6.0,Family_vacation,2.0,19.0,Festival,False
1119,230,58,Booked,2023-02-12,4.4,10451,6.0,Family_vacation,5.0,21.0,Monsoon,False
1120,131,16,Reviewed,2023-02-06,3.9,38704,,,,,,
1121,229,134,Reviewed,2023-06-05,4.6,30482,,,,,,
1122,195,62,Reviewed,2023-08-20,4.4,59916,,,,,,
1123,134,263,Reviewed,2023-04-30,4.8,7860,,,,,,
1124,249,260,Booked,2023-07-11,3.8,15397,5.0,Business,3.0,26.0,Summer,False
1125,12,215,Reviewed,2023-08-31,4.2,64968,,,,,,
1126,24,93,Booked,2023-04-07,3.0,4625,3.0,Family_vacation,4.0,3.0,Summer,False
1127,131,256,Booked,2023-12-12,4.5,36483,7.0,Business,2.0,20.0,Festival,False
1128,130,78,Reviewed,2023-08-26,4.4,17300,,,,,,
1129,149,344,Booked,2023-09-02,3.7,2416,3.0,Business,2.0,19.0,Monsoon,False
1130,31,133,Reviewed,2023-02-15,3.9,14368,,,,,,
1131,29,182,Reviewed,2023-08-07,4.3,69980,,,,,,
1132,165,128,Reviewed,2023-04-01,3.8,35172,,,,,,
1133,229,354,Reviewed,2023-10-11,3.2,34302,,,,,,
1134,186,194,Booked,2023-07-01,4.4,73716,5.0,Family_vacation,2.0,22.0,Festival,False
1135,164,24,Booked,2023-11-06,4.4,21240,6.0,Leisure,1.0,27.0,Festival,False
1136,64,369,Booked,2023-05-16,4.0,15944,1.0,Leisure,1.0,15.0,Monsoon,False
1137,114,6,Booked,2023-03-20,4.5,19095,4.0,Business,3.0,30.0,Monsoon,False
1138,63,323,Reviewed,2023-07-28,4.5,31755,,,,,,
1139,33,1,Reviewed,2023-09-15,5.0,66668,,,,,,
1140,200,114,Reviewed,2023-05-17,4.0,57115,,,,,,
1141,179,257,Booked,2023-04-27,4.5,65372,2.0,Leisure,2.0,13.0,Festival,False
1142,193,270,Booked,2023-08-16,4.2,13261,4.0,Business,2.0,20.0,Summer,True
1143,19,110,Booked,2023-02-27,3.8,31486,6.0,Business,2.0,12.0,Winter,False
1144,224,105,Booked,2024-01-01,3.8,6960,2.0,Leisure,1.0,24.0,Festival,False
1145,88,96,Reviewed,2023-05-08,2.6,29514,,,,,,
1146,83,285,Booked,2023-09-19,3.4,57723,7.0,Family_vacation,2.0,1.0,Winter,False
1147,245,143,Booked,2023-06-04,3.7,27381,1.0,Family_vacation,3.0,14.0,Monsoon,False
1148,224,99,Booked,2023-12-23,3.1,10978,7.0,Family_vacation,1.0,14.0,Festival,False
1149,121,387,Reviewed,2023-09-05,5.0,103764,,,,,,
1150,17,396,Reviewed,2023-09-22,3.7,17067,,,,,,
1151,153,276,Booked,2023-10-21,4.5,115110,1.0,Family_vacation,2.0,18.0,Summer,False
1152,119,283,Booked,2023-03-16,2.8,8208,4.0,Leisure,1.0,14.0,Summer,False
1153,215,168,Booked,2023-11-15,2.7,17664,6.0,Leisure,1.0,9.0,Festival,False
1154,138,317,Booked,2023-05-08,3.6,75410,4.0,Family_vacation,5.0,18.0,Festival,False
1155,130,196,Reviewed,2023-10-18,3.5,20461,,,,,,
1156,24,168,Reviewed,2023-06-24,3.1,13248,,,,,,
1157,206,338,Booked,2023-01-26,3.5,9125,2.0,Family_vacation,1.0,20.0,Winter,True
1158,176,400,Booked,2023-09-02,4.1,11090,6.0,Leisure,1.0,29.0,Summer,False
1159,19,243,Reviewed,2023-02-10,3.5,26238,,,,,,
1160,16,117,Booked,2023-11-02,4.6,66444,5.0,Leisure,2.0,7.0,Festival,False
1161,106,364,Reviewed,2023-11-28,3.0,54045,,,,,,
1162,149,134,Booked,2023-06-17,4.5,15241,4.0,Leisure,2.0,1.0,Summer,True
1163,168,334,Booked,2023-10-21,4.1,26608,3.0,Family_vacation,2.0,19.0,Monsoon,False
1164,76,193,Booked,2023-07-12,3.9,16131,7.0,Family_vacation,5.0,20.0,Festival,False
1165,106,26,Booked,2023-06-17,3.3,57525,2.0,Business,1.0,27.0,Monsoon,False
1166,222,187,Reviewed,2023-09-08,4.5,11688,,,,,,
1167,138,15,Booked,2023-10-20,4.2,31698,7.0,Leisure,3.0,7.0,Summer,False
1168,63,190,Booked,2023-05-13,3.8,44140,7.0,Business,5.0,6.0,Festival,False
1169,75,28,Booked,2023-02-25,3.6,46611,5.0,Family_vacation,2.0,12.0,Winter,False
1170,3,356,Booked,2023-12-12,4.6,103824,2.0,Business,1.0,6.0,Winter,False
1171,247,391,Booked,2023-08-20,4.0,51140,6.0,Family_vacation,1.0,16.0,Monsoon,False
1172,196,162,Booked,2023-11-10,4.3,17899,1.0,Business,2.0,6.0,Monsoon,False
1173,26,48,Reviewed,2023-07-10,5.0,95704,,,,,,
1174,129,129,Booked,2023-10-01,4.9,57714,4.0,Business,1.0,1.0,Summer,False
1175,151,265,Booked,2023-07-22,3.6,75500,5.0,Business,1.0,7.0,Summer,False
1176,153,184,Reviewed,2023-08-16,3.6,8959,,,,,,
1177,239,140,Booked,2023-08-17,3.0,87756,4.0,Leisure,2.0,28.0,Winter,False
1178,109,39,Reviewed,2023-03-17,3.2,29738,,,,,,
1179,14,105,Booked,2023-09-28,3.6,20880,7.0,Leisure,1.0,11.0,Winter,False
1180,179,302,Reviewed,2023-07-17,3.7,81985,,,,,,
1181,13,237,Reviewed,2023-10-11,4.8,61544,,,,,,
1182,163,87,Reviewed,2023-07-08,4.0,25505,,,,,,
1183,45,159,Reviewed,2023-03-07,4.0,72565,,,,,,
1184,178,385,Booked,2023-04-30,4.8,55761,3.0,Leisure,1.0,2.0,Summer,False
1185,110,131,Reviewed,2023-06-06,4.4,53754,,,,,,
1186,167,240,Booked,2023-06-23,3.7,48111,2.0,Business,1.0,4.0,Winter,False
1187,40,366,Booked,2023-08-18,4.0,47565,5.0,Family_vacation,5.0,16.0,Summer,False
1188,231,397,Booked,2023-07-23,3.3,24396,6.0,Leisure,2.0,21.0,Winter,False
1189,8,99,Booked,2023-10-12,3.4,65868,2.0,Business,2.0,29.0,Festival,False
1190,4,336,Booked,2023-10-05,4.5,33866,1.0,Family_vacation,2.0,26.0,Festival,False
1191,212,22,Booked,2023-05-11,3.2,110832,2.0,Business,2.0,13.0,Winter,False
1192,140,258,Booked,2023-03-16,3.5,38970,3.0,Business,1.0,29.0,Monsoon,True
1193,220,359,Reviewed,2023-11-21,3.3,69995,,,,,,
1194,18,367,Reviewed,2023-07-22,3.9,60225,,,,,,
1195,74,264,Booked,2023-02-04,4.7,20943,2.0,Leisure,1.0,9.0,Monsoon,False
1196,245,185,Booked,2023-05-14,3.6,2509,7.0,Family_vacation,3.0,27.0,Monsoon,False
1197,122,309,Booked,2023-11-14,4.0,110490,7.0,Family_vacation,2.0,4.0,Summer,False
1198,167,387,Booked,2023-12-09,4.4,103764,5.0,Business,1.0,5.0,Festival,False
1199,132,339,Booked,2023-05-11,3.4,64002,4.0,Family_vacation,2.0,19.0,Festival,False
1200,136,264,Booked,2023-03-21,4.7,48867,6.0,Family_vacation,3.0,10.0,Monsoon,False
1201,180,69,Booked,2023-09-03,3.2,33222,4.0,Family_vacation,1.0,5.0,Monsoon,False
1202,10,46,Reviewed,2023-11-03,3.4,38848,,,,,,
1203,182,130,Booked,2023-03-31,3.6,18798,7.0,Family_vacation,1.0,21.0,Winter,False
1204,42,267,Booked,2023-05-01,4.5,52759,1.0,Business,1.0,4.0,Festival,True
1205,236,81,Booked,2023-10-18,2.8,31808,5.0,Family_vacation,3.0,23.0,Winter,False
1206,32,23,Booked,2023-03-01,3.1,37162,2.0,Business,1.0,1.0,Summer,False
1207,99,237,Booked,2023-08-11,4.8,8792,1.0,Family_vacation,1.0,27.0,Festival,False
1208,32,6,Reviewed,2023-10-08,4.0,57285,,,,,,
1209,49,191,Booked,2023-07-16,3.4,52437,1.0,Family_vacation,2.0,8.0,Monsoon,False
1210,167,125,Booked,2023-11-25,4.8,66190,5.0,Business,1.0,26.0,Festival,False
1211,201,385,Reviewed,2023-10-09,4.9,37174,,,,,,
1212,81,159,Reviewed,2023-07-29,4.7,72565,,,,,,
1213,81,347,Reviewed,2023-02-20,2.7,37966,,,,,,
1214,188,396,Booked,2023-01-09,4.0,39823,4.0,Business,1.0,1.0,Monsoon,False
1215,72,169,Reviewed,2023-10-29,3.5,37079,,,,,,
1216,20,170,Booked,2023-01-11,4.7,6965,4.0,Leisure,1.0,29.0,Festival,False
1217,24,38,Booked,2023-01-07,4.7,77116,3.0,Leisure,3.0,23.0,Summer,False
1218,229,116,Booked,2023-05-25,3.5,44720,5.0,Leisure,2.0,4.0,Festival,False
1219,237,303,Booked,2023-05-18,4.8,74148,1.0,Family_vacation,5.0,1.0,Monsoon,False
1220,195,100,Booked,2023-08-09,3.9,25570,3.0,Family_vacation,1.0,5.0,Festival,False
1221,146,290,Booked,2023-11-15,3.9,73048,5.0,Leisure,1.0,26.0,Summer,False
1222,139,222,Reviewed,2023-10-13,3.9,72312,,,,,,
1223,145,61,Reviewed,2023-08-30,3.7,42054,,,,,,
1224,170,329,Reviewed,2023-09-06,4.9,14376,,,,,,
1225,94,16,Booked,2023-07-09,3.7,38704,2.0,Leisure,1.0,15.0,Summer,False
1226,230,194,Reviewed,2023-01-12,5.0,36858,,,,,,
1227,33,12,Booked,2023-02-14,2.8,22356,7.0,Leisure,2.0,15.0,Winter,False
1228,78,41,Reviewed,2023-10-11,3.8,98343,,,,,,
1229,242,293,Booked,2023-07-08,5.0,3686,7.0,Leisure,1.0,12.0,Monsoon,False
1230,249,61,Reviewed,2023-08-24,3.6,21027,,,,,,
1231,181,47,Booked,2023-12-10,5.0,27564,3.0,Leisure,2.0,20.0,Winter,False
1232,25,278,Reviewed,2023-12-11,3.5,104238,,,,,,
1233,142,75,Reviewed,2023-05-24,4.0,95148,,,,,,
1234,152,207,Booked,2023-03-12,3.3,27398,2.0,Business,5.0,16.0,Monsoon,False
1235,20,231,Booked,2023-01-28,3.7,57387,6.0,Family_vacation,1.0,12.0,Monsoon,False
1236,27,284,Reviewed,2023-06-27,4.2,16560,,,,,,
1237,125,24,Booked,2023-06-13,3.9,17700,2.0,Business,2.0,28.0,Winter,False
1238,223,188,Reviewed,2023-09-12,4.5,69096,,,,,,
1239,148,10,Booked,2023-01-26,2.9,30048,2.0,Family_vacation,2.0,29.0,Monsoon,False
1240,244,28,Booked,2023-08-24,3.4,108759,2.0,Leisure,2.0,28.0,Festival,False
1241,129,84,Booked,2023-10-14,3.5,117768,7.0,Leisure,1.0,1.0,Summer,True
1242,134,334,Booked,2023-09-22,4.0,79824,3.0,Family_vacation,1.0,15.0,Winter,True
1243,108,38,Reviewed,2023-07-19,4.7,96395,,,,,,
1244,237,396,Booked,2023-07-11,3.5,5689,1.0,Leisure,5.0,21.0,Summer,True
1245,148,191,Booked,2023-01-01,3.2,122353,4.0,Business,2.0,27.0,Summer,False
1246,110,42,Booked,2023-01-23,4.3,32944,7.0,Leisure,2.0,2.0,Winter,False
1247,9,237,Booked,2023-02-06,5.0,43960,3.0,Family_vacation,3.0,1.0,Festival,False
1248,180,335,Reviewed,2023-02-14,3.7,89985,,,,,,
1249,202,160,Reviewed,2023-10-15,4.6,36510,,,,,,
1250,76,117,Booked,2023-11-27,4.2,47460,5.0,Leisure,4.0,19.0,Winter,False
1251,106,177,Reviewed,2023-03-09,4.2,36189,,,,,,
1252,245,242,Reviewed,2023-03-01,4.5,106014,,,,,,
1253,23,320,Booked,2023-09-21,3.8,56264,2.0,Leisure,5.0,3.0,Winter,False
1254,186,397,Reviewed,2023-02-06,2.6,36594,,,,,,
1255,12,79,Booked,2023-06-30,4.5,34368,5.0,Leisure,1.0,8.0,Winter,True
1256,229,152,Booked,2023-04-20,4.6,129045,7.0,Family_vacation,2.0,12.0,Festival,False
1257,196,124,Reviewed,2023-06-22,4.5,20610,,,,,,
1258,108,272,Booked,2023-01-31,4.3,49557,5.0,Leisure,2.0,2.0,Festival,False
1259,151,281,Reviewed,2023-04-23,3.7,33576,,,,,,
1260,229,154,Reviewed,2023-10-05,4.5,54370,,,,,,
1261,78,91,Booked,2023-06-12,3.4,17724,7.0,Family_vacation,4.0,13.0,Winter,False
1262,85,172,Reviewed,2023-01-28,3.4,42456,,,,,,
1263,238,142,Booked,2023-12-27,3.0,56187,4.0,Family_vacation,1.0,11.0,Monsoon,True
1264,246,204,Booked,2023-03-23,3.3,17322,6.0,Business,5.0,2.0,Monsoon,False
1265,84,55,Reviewed,2023-01-22,4.1,119412,,,,,,
1266,80,375,Reviewed,2023-01-15,3.6,30875,,,,,,
1267,27,120,Booked,2023-02-21,3.5,13264,4.0,Family_vacation,1.0,13.0,Summer,False
1268,176,10,Booked,2023-03-14,3.1,22536,6.0,Leisure,1.0,22.0,Festival,True
1269,180,91,Reviewed,2023-03-28,3.2,17724,,,,,,
1270,184,318,Reviewed,2023-07-09,4.0,13254,,,,,,
1271,210,138,Reviewed,2023-12-24,3.7,97386,,,,,,
1272,46,1,Booked,2023-02-12,4.7,19048,4.0,Leisure,5.0,12.0,Summer,True
1273,221,214,Booked,2023-12-25,4.9,11098,3.0,Business,4.0,7.0,Winter,False
1274,89,336,Booked,2023-12-18,5.0,14514,4.0,Family_vacation,2.0,29.0,Monsoon,True
1275,73,23,Reviewed,2023-09-10,3.2,74324,,,,,,
1276,181,98,Booked,2023-03-08,3.9,32915,1.0,Leisure,2.0,23.0,Monsoon,False
1277,234,119,Booked,2023-12-08,4.5,5889,1.0,Business,1.0,13.0,Monsoon,False
1278,160,111,Reviewed,2023-06-05,4.1,4275,,,,,,
1279,53,354,Booked,2023-10-24,2.8,34302,3.0,Business,2.0,2.0,Winter,False
1280,130,314,Reviewed,2023-12-24,5.0,28059,,,,,,
1281,17,37,Reviewed,2023-10-05,4.4,22445,,,,,,
1282,233,49,Reviewed,2023-04-24,3.7,49092,,,,,,
1283,226,316,Booked,2023-11-12,3.5,16035,3.0,Leisure,2.0,25.0,Winter,False
1284,176,291,Booked,2023-06-24,4.3,12960,4.0,Business,1.0,2.0,Summer,False
1285,125,292,Reviewed,2023-10-23,3.2,19826,,,,,,
1286,102,293,Reviewed,2023-08-08,5.0,25802,,,,,,
1287,141,31,Reviewed,2023-02-07,4.2,78168,,,,,,
1288,113,245,Booked,2023-05-15,4.4,119616,2.0,Leisure,1.0,17.0,Monsoon,False
1289,33,367,Reviewed,2023-04-22,4.1,60225,,,,,,
1290,218,148,Reviewed,2023-06-07,4.2,14469,,,,,,
1291,221,116,Reviewed,2023-01-11,3.5,44720,,,,,,
1292,118,194,Reviewed,2023-03-22,4.7,18429,,,,,,
1293,56,83,Reviewed,2023-11-21,3.7,9388,,,,,,
1294,19,253,Reviewed,2023-04-19,4.2,37167,,,,,,
1295,66,67,Booked,2023-07-20,4.3,9167,4.0,Family_vacation,2.0,9.0,Winter,False
1296,161,96,Booked,2023-12-05,3.5,59028,7.0,Business,2.0,8.0,Winter,False
1297,220,49,Booked,2023-02-05,2.8,114548,1.0,Family_vacation,3.0,21.0,Festival,False
1298,12,183,Booked,2023-05-06,4.4,133896,5.0,Family_vacation,1.0,30.0,Festival,False
1299,63,8,Booked,2023-03-19,4.7,11714,1.0,Leisure,4.0,15.0,Winter,False
1300,158,4,Booked,2023-05-25,3.9,7653,4.0,Leisure,2.0,25.0,Festival,False
