hotel_id,name,city,state,star_rating,price_per_night_inr,property_type,vegetarian_restaurant,wifi_available,parking_available,ac_available,latitude,longitude,gym_available,pool_available,spa_available,business_center,room_service,metro_distance_km,railway_distance_km,airport_distance_km,chain_name
1,Delhi Grand Hotel,Delhi,Delhi,4.4,9524,Resort,True,True,True,False,10.717162,74.747166,True,False,True,False,False,,1.1,41.3,
2,Radisson Pune,Pune,Maharashtra,3.2,8555,Guesthouse,True,True,False,True,17.974716,75.671105,True,False,True,False,False,10.7,1.9,15.3,Hilton
3,Taj Kolkata,Kolkata,West Bengal,4.6,4809,Boutique Hotel,False,False,False,True,14.075704,75.742357,True,True,True,True,False,14.8,13.2,30.1,
4,Hyderabad Grand Hotel,Hyderabad,Telangana,3.1,2551,Guesthouse,False,False,True,True,,,False,True,False,False,False,2.5,15.2,29.3,
5,Hyatt Lucknow,Lucknow,Uttar Pradesh,4.7,14587,Guesthouse,True,True,False,True,,,True,True,False,True,False,14.9,11.1,48.7,
6,Treebo Mumbai,Mumbai,Maharashtra,4.3,19095,Guesthouse,False,True,False,False,8.094114,88.94067,True,True,False,True,True,2.8,19.1,46.5,
7,Lemon Tree Mumbai,Mumbai,Maharashtra,3.3,2138,Hotel,False,False,True,True,24.453351,70.283954,True,True,True,False,True,13.2,9.0,14.5,
8,OYO Jaipur Premium,Jaipur,Rajasthan,4.2,11714,Boutique Hotel,False,False,False,True,9.856751,68.609994,True,True,True,True,True,1.0,7.3,28.1,
9,Treebo Kolkata,Kolkata,West Bengal,3.7,19169,Resort,False,True,False,False,10.810994,80.500484,True,True,True,False,False,,3.1,13.6,Hilton
10,Marriott Jaipur,Jaipur,Rajasthan,2.9,7512,Guesthouse,False,True,True,False,,,True,True,True,True,True,7.5,5.1,23.0,
11,Leela Palace Mumbai,Mumbai,Maharashtra,3.4,14293,Guesthouse,False,False,False,False,16.604527,96.092572,True,False,True,True,False,12.9,4.0,48.2,
12,Leela Palace Delhi,Delhi,Delhi,2.7,3726,Heritage Property,True,False,True,True,9.152508,70.377519,False,False,True,False,True,2.4,13.3,25.6,
13,Delhi Grand Hotel,Delhi,Delhi,3.6,19948,Hotel,True,True,False,True,,,True,False,False,True,False,,14.4,32.5,
14,Jaipur Grand Hotel,Jaipur,Rajasthan,4.2,19673,Guesthouse,True,True,False,True,,,True,False,False,True,False,9.7,6.0,27.0,
15,Taj Mumbai,Mumbai,Maharashtra,4.1,10566,Hotel,True,False,True,False,20.81323,88.464356,True,True,True,True,False,2.6,3.4,18.9,
16,Radisson Mumbai,Mumbai,Maharashtra,3.0,9676,Heritage Property,True,False,False,True,,,True,False,True,True,False,,8.8,35.1,ITC
17,Oberoi Chennai,Chennai,Tamil Nadu,2.9,5042,Boutique Hotel,True,False,True,True,,,True,True,True,True,False,13.0,19.4,17.6,Radisson
18,Hyatt Jaipur,Jaipur,Rajasthan,4.2,19070,Guesthouse,True,True,False,True,36.522967,69.109459,False,False,False,True,False,,4.6,7.0,
19,Pune Grand Hotel,Pune,Maharashtra,3.8,19143,Heritage Property,True,False,False,True,,,False,True,False,False,False,10.6,11.5,13.6,
20,Treebo Pune,Pune,Maharashtra,4.4,7202,Business Hotel,False,False,True,False,20.466756,84.819559,False,False,False,True,False,,19.2,38.1,
21,Oberoi Delhi,Delhi,Delhi,3.8,12483,Hotel,True,False,True,True,9.340198,96.534145,True,False,False,True,False,4.0,13.5,5.2,
22,Hyatt Delhi,Delhi,Delhi,3.0,18472,Boutique Hotel,True,True,True,False,21.474654,83.402825,False,False,False,False,True,,10.0,16.7,
23,Treebo Chennai,Chennai,Tamil Nadu,3.2,18581,Boutique Hotel,True,False,False,True,,,False,True,True,True,True,2.7,5.1,23.7,Marriott
24,Hilton Hyderabad,Hyderabad,Telangana,3.7,3540,Resort,False,False,True,False,35.339508,76.659767,True,False,True,False,False,6.1,13.7,40.9,Hyatt
25,Marriott Bangalore,Bangalore,Karnataka,4.8,19002,Hotel,False,True,True,False,21.389255,69.458254,False,False,False,False,False,,16.8,16.4,Leela
26,Marriott Delhi,Delhi,Delhi,2.5,19175,Hotel,False,True,True,True,,,True,True,True,True,True,2.2,19.0,25.9,
27,Radisson Kolkata,Kolkata,West Bengal,2.9,5253,Resort,False,True,True,False,34.332758,78.883902,True,True,True,True,False,,12.4,10.4,
28,Lucknow Grand Hotel,Lucknow,Uttar Pradesh,3.4,15537,Heritage Property,False,True,False,True,,,True,False,False,False,True,11.1,19.3,17.2,
29,Marriott Jaipur,Jaipur,Rajasthan,3.7,10294,Guesthouse,True,True,False,False,21.476546,85.699619,False,False,True,False,True,4.2,6.3,31.8,Taj
30,Hilton Kolkata,Kolkata,West Bengal,2.5,7760,Hotel,True,False,False,True,26.731184,82.233819,True,False,True,False,True,8.9,10.0,28.9,
31,OYO Pune Premium,Pune,Maharashtra,3.9,13028,Heritage Property,False,False,False,False,28.917246,77.15089,True,True,True,False,False,,19.6,28.6,
32,Taj Kolkata,Kolkata,West Bengal,4.6,11207,Resort,False,True,False,True,,,True,False,True,False,True,,11.9,26.1,Taj
33,Radisson Ahmedabad,Ahmedabad,Gujarat,3.0,3183,Guesthouse,False,True,True,False,24.733614,87.90708,True,True,True,False,True,,8.2,45.9,Radisson
34,Lemon Tree Kolkata,Kolkata,West Bengal,5.0,11506,Business Hotel,True,True,True,True,10.354436,74.95609,True,True,False,False,False,3.9,14.4,36.6,
35,Taj Ahmedabad,Ahmedabad,Gujarat,4.2,10168,Heritage Property,True,False,True,True,34.343932,91.972304,False,False,False,True,False,,14.3,47.4,ITC
36,Hilton Jaipur,Jaipur,Rajasthan,3.7,4135,Business Hotel,True,False,False,False,14.638808,87.554653,True,False,True,True,False,6.9,6.3,49.9,
37,Treebo Pune,Pune,Maharashtra,4.5,4489,Boutique Hotel,False,False,False,False,32.87426,77.564306,False,False,True,False,True,5.2,19.4,23.2,
38,Jaipur Grand Hotel,Jaipur,Rajasthan,4.1,19279,Boutique Hotel,False,True,True,False,22.4563,80.819188,True,False,False,False,True,9.6,16.2,36.9,Radisson
39,Hilton Kolkata,Kolkata,West Bengal,2.5,14869,Hotel,True,True,False,True,12.465163,95.046939,False,False,False,True,False,6.1,18.5,27.9,Radisson
40,Taj Bangalore,Bangalore,Karnataka,3.2,15096,Guesthouse,False,True,False,False,,,False,True,False,False,False,11.6,8.2,47.0,
41,OYO Chennai Premium,Chennai,Tamil Nadu,3.1,14049,Resort,False,True,False,False,,,False,True,False,True,True,9.1,17.5,44.3,
42,Taj Ahmedabad,Ahmedabad,Gujarat,3.8,16472,Hotel,True,False,True,True,36.106905,77.818276,True,False,False,False,False,,1.7,8.1,
43,ITC Kolkata,Kolkata,West Bengal,4.4,15720,Hotel,True,False,True,False,,,False,False,False,False,True,6.5,14.0,13.1,Taj
44,Taj Bangalore,Bangalore,Karnataka,4.0,14035,Business Hotel,True,False,True,True,15.365343,75.404475,False,True,True,False,False,,6.7,48.3,Hilton
45,Marriott Kolkata,Kolkata,West Bengal,4.6,8027,Boutique Hotel,False,True,True,False,24.669546,96.788069,False,True,True,False,False,,5.4,41.1,Hyatt
46,Treebo Chennai,Chennai,Tamil Nadu,3.0,9712,Heritage Property,True,True,True,False,,,True,True,False,False,False,2.4,11.2,48.7,Marriott
47,Hilton Jaipur,Jaipur,Rajasthan,4.8,6891,Guesthouse,False,False,False,True,10.183681,89.870393,False,True,False,True,False,7.1,13.8,35.3,Hyatt
48,Hyatt Lucknow,Lucknow,Uttar Pradesh,4.6,13672,Hotel,True,False,True,False,,,False,False,False,True,True,1.0,19.9,10.2,Oberoi
49,Hilton Chennai,Chennai,Tamil Nadu,2.8,16364,Guesthouse,False,True,False,True,,,False,True,False,True,False,3.9,7.9,49.1,
50,Hilton Hyderabad,Hyderabad,Telangana,4.8,13253,Hotel,False,False,True,True,,,True,True,True,True,False,2.3,11.7,8.1,
51,ITC Jaipur,Jaipur,Rajasthan,4.0,9134,Guesthouse,True,True,False,True,,,True,True,True,True,True,11.9,12.2,5.7,
52,Kolkata Grand Hotel,Kolkata,West Bengal,2.8,15294,Business Hotel,True,True,False,False,,,True,False,True,True,False,14.5,2.2,26.6,
53,Hyatt Pune,Pune,Maharashtra,4.2,17565,Heritage Property,False,True,True,False,9.904785,75.975464,False,False,False,False,False,10.7,17.2,34.3,
54,OYO Jaipur Premium,Jaipur,Rajasthan,4.7,15592,Boutique Hotel,True,False,False,False,29.158763,77.063902,False,True,False,True,True,,2.8,9.3,Radisson
55,Leela Palace Hyderabad,Hyderabad,Telangana,3.9,19902,Business Hotel,False,True,False,False,,,False,True,False,False,False,7.9,3.9,26.7,
56,Radisson Delhi,Delhi,Delhi,4.6,13544,Hotel,False,True,False,True,27.077106,88.110664,False,False,False,True,True,,11.8,23.0,Radisson
57,OYO Bangalore Premium,Bangalore,Karnataka,4.1,2504,Hotel,True,False,False,False,18.73154,88.926283,True,True,True,True,True,,6.2,34.8,
58,Lemon Tree Ahmedabad,Ahmedabad,Gujarat,3.6,10451,Resort,True,False,False,True,27.676101,82.11235,True,True,False,True,True,14.2,15.6,39.4,
59,Radisson Kolkata,Kolkata,West Bengal,2.8,17798,Heritage Property,False,True,True,False,14.673211,84.202983,False,True,False,True,False,13.9,17.4,30.9,
60,Hyatt Lucknow,Lucknow,Uttar Pradesh,4.3,15186,Guesthouse,True,False,True,False,35.480815,81.34281,False,True,False,True,True,6.3,2.5,44.2,
61,ITC Hyderabad,Hyderabad,Telangana,3.3,7009,Hotel,True,True,False,False,,,True,True,True,True,False,9.2,15.4,34.5,
62,Treebo Bangalore,Bangalore,Karnataka,3.7,19972,Business Hotel,False,False,False,True,21.598711,86.310168,True,False,True,False,False,1.3,16.8,8.5,
63,Lemon Tree Delhi,Delhi,Delhi,4.0,14098,Boutique Hotel,True,False,True,False,22.539652,95.773948,True,True,True,True,False,,11.0,32.4,Marriott
64,Radisson Hyderabad,Hyderabad,Telangana,4.8,14194,Boutique Hotel,False,True,False,True,24.180933,79.210362,False,True,True,False,False,,14.3,22.6,ITC
65,OYO Lucknow Premium,Lucknow,Uttar Pradesh,4.8,11644,Business Hotel,False,False,True,True,20.278785,78.493015,True,False,False,True,True,,3.9,18.3,ITC
66,Hilton Delhi,Delhi,Delhi,4.4,18753,Hotel,False,True,False,True,32.109007,90.361837,True,False,True,False,False,,5.5,25.0,
67,OYO Kolkata Premium,Kolkata,West Bengal,4.5,9167,Business Hotel,True,False,False,True,35.466775,96.548754,False,False,True,True,True,,2.0,26.6,Radisson
68,Hilton Hyderabad,Hyderabad,Telangana,4.8,18405,Hotel,False,True,True,False,22.887229,92.100355,False,False,True,False,True,5.9,8.3,8.7,Leela
69,Chennai Grand Hotel,Chennai,Tamil Nadu,3.3,4746,Heritage Property,False,True,True,True,32.063086,88.186088,False,True,True,True,False,2.7,18.9,32.4,Hilton
70,Taj Pune,Pune,Maharashtra,4.4,9286,Guesthouse,True,True,True,False,26.061506,69.821407,False,True,True,True,False,9.4,5.6,23.7,
71,Hilton Delhi,Delhi,Delhi,4.9,3717,Business Hotel,True,False,False,True,36.450143,75.355858,False,True,True,False,True,8.4,16.5,12.9,Oberoi
72,OYO Ahmedabad Premium,Ahmedabad,Gujarat,3.7,7472,Resort,True,False,True,False,30.942167,93.687921,False,False,False,True,True,13.0,1.9,34.5,Radisson
73,Taj Kolkata,Kolkata,West Bengal,4.5,15818,Boutique Hotel,False,False,False,True,22.428178,94.805004,True,False,True,False,True,5.2,2.5,34.7,
74,Marriott Kolkata,Kolkata,West Bengal,4.0,15462,Resort,False,False,False,True,,,False,False,True,True,False,12.1,13.9,47.9,
75,Lemon Tree Bangalore,Bangalore,Karnataka,4.2,15858,Hotel,True,True,True,False,35.534546,68.939174,False,False,False,True,True,6.3,13.3,16.2,Hilton
76,Delhi Grand Hotel,Delhi,Delhi,4.3,17852,Business Hotel,False,True,False,False,,,False,True,True,True,True,13.5,9.5,9.0,Radisson
77,Treebo Hyderabad,Hyderabad,Telangana,3.4,3627,Business Hotel,False,False,True,True,,,True,True,True,True,False,8.5,8.0,41.2,
78,Leela Palace Jaipur,Jaipur,Rajasthan,4.0,4325,Hotel,False,False,False,False,,,True,True,False,True,False,8.0,3.4,42.3,
79,Treebo Jaipur,Jaipur,Rajasthan,4.0,5728,Boutique Hotel,True,True,True,False,17.357162,88.570632,True,False,True,False,True,,12.7,9.2,Radisson
80,Lemon Tree Bangalore,Bangalore,Karnataka,4.9,6552,Resort,False,True,True,True,26.602158,84.726366,False,True,False,False,False,12.2,14.0,18.4,
81,OYO Delhi Premium,Delhi,Delhi,2.6,15904,Boutique Hotel,False,False,True,False,17.064892,88.832524,False,False,True,False,True,7.3,6.1,16.2,
82,Delhi Grand Hotel,Delhi,Delhi,3.2,14087,Business Hotel,False,True,True,False,,,True,True,False,False,False,,10.5,9.1,
83,Hilton Pune,Pune,Maharashtra,3.6,9388,Resort,False,True,True,False,33.587845,86.973541,True,False,True,False,False,,8.0,23.0,Taj
84,Hilton Lucknow,Lucknow,Uttar Pradesh,3.0,19628,Guesthouse,True,False,False,False,,,True,True,True,False,False,,7.4,47.3,
85,ITC Bangalore,Bangalore,Karnataka,4.0,14652,Business Hotel,True,True,True,True,,,False,True,True,False,False,14.9,15.0,18.5,
86,Hilton Hyderabad,Hyderabad,Telangana,4.6,18943,Boutique Hotel,False,False,True,False,11.178533,80.079668,False,False,True,True,False,9.6,12.8,42.9,Taj
87,Treebo Bangalore,Bangalore,Karnataka,3.1,5101,Resort,True,False,False,False,28.024508,79.900945,False,True,True,True,False,,10.1,22.0,
88,Marriott Bangalore,Bangalore,Karnataka,4.8,12717,Business Hotel,False,False,False,True,,,True,False,False,True,False,5.6,18.7,40.8,Radisson
89,Oberoi Kolkata,Kolkata,West Bengal,2.8,19299,Boutique Hotel,False,False,True,False,35.704098,70.291854,False,False,True,True,False,,14.2,11.2,
90,OYO Lucknow Premium,Lucknow,Uttar Pradesh,4.0,9444,Hotel,True,True,True,True,28.803384,70.915802,True,True,False,False,False,,15.4,17.9,
91,Treebo Kolkata,Kolkata,West Bengal,2.6,4431,Heritage Property,True,True,True,False,,,False,False,True,False,True,8.7,3.0,49.2,Taj
92,Marriott Kolkata,Kolkata,West Bengal,5.0,19302,Business Hotel,False,True,False,False,11.266756,72.712334,True,True,False,False,True,12.9,18.0,42.2,Radisson
93,Radisson Jaipur,Jaipur,Rajasthan,2.7,4625,Resort,True,False,False,True,19.123657,80.95533,False,True,False,False,True,2.2,6.8,23.2,Marriott
94,OYO Jaipur Premium,Jaipur,Rajasthan,4.4,5347,Heritage Property,False,False,True,True,,,False,False,False,True,True,,12.3,40.4,Hilton
95,Marriott Jaipur,Jaipur,Rajasthan,3.8,13354,Hotel,True,True,True,True,32.780094,80.813376,False,True,False,True,False,6.5,11.7,30.1,
96,OYO Kolkata Premium,Kolkata,West Bengal,2.6,9838,Hotel,True,True,True,False,9.849037,96.829586,True,False,True,False,False,2.5,13.2,37.8,
97,Radisson Pune,Pune,Maharashtra,5.0,14033,Boutique Hotel,False,False,True,True,18.085327,73.175735,True,True,True,True,False,10.9,9.1,22.1,
98,ITC Chennai,Chennai,Tamil Nadu,3.7,6583,Guesthouse,True,True,True,False,35.1509,93.782199,True,True,False,True,True,,8.6,15.5,Oberoi
99,Chennai Grand Hotel,Chennai,Tamil Nadu,2.9,10978,Resort,False,False,True,False,,,True,False,False,False,True,9.1,15.0,12.9,
100,Hilton Pune,Pune,Maharashtra,3.7,12785,Heritage Property,False,False,False,False,18.917345,89.878067,False,True,False,True,False,,11.6,11.0,Leela
101,Oberoi Chennai,Chennai,Tamil Nadu,3.0,4090,Boutique Hotel,False,True,True,True,27.536486,85.484739,True,True,False,True,False,13.7,5.0,13.6,
102,OYO Delhi Premium,Delhi,Delhi,5.0,17193,Resort,True,False,True,False,,,False,False,False,False,False,14.7,9.9,42.8,Marriott
103,Radisson Chennai,Chennai,Tamil Nadu,3.3,2998,Business Hotel,True,True,True,False,24.936925,88.880346,False,True,False,True,False,14.2,7.4,39.4,Leela
104,OYO Ahmedabad Premium,Ahmedabad,Gujarat,4.1,17575,Boutique Hotel,True,False,True,True,,,True,True,True,True,False,9.6,2.3,11.8,Taj
105,Hilton Chennai,Chennai,Tamil Nadu,3.6,3480,Business Hotel,False,False,True,True,19.928817,68.485058,False,True,False,True,True,,11.0,15.8,
106,Hilton Lucknow,Lucknow,Uttar Pradesh,3.1,13114,Guesthouse,False,True,False,False,15.053029,88.219853,True,True,False,False,False,1.3,1.2,12.7,Oberoi
107,Hyatt Ahmedabad,Ahmedabad,Gujarat,4.1,12355,Business Hotel,True,True,True,True,,,False,False,True,True,False,,11.7,6.5,
108,Hyderabad Grand Hotel,Hyderabad,Telangana,4.9,6224,Heritage Property,False,True,False,True,24.434182,92.63383,False,False,True,True,False,6.8,16.9,20.3,
109,Lemon Tree Lucknow,Lucknow,Uttar Pradesh,3.5,12194,Hotel,False,False,False,True,35.293143,80.52359,False,True,False,True,True,2.7,14.5,33.5,
110,Radisson Pune,Pune,Maharashtra,3.4,4498,Hotel,False,False,False,False,10.53162,80.498406,False,True,True,True,False,9.2,15.9,43.9,
111,Oberoi Mumbai,Mumbai,Maharashtra,3.5,4275,Heritage Property,True,True,False,True,16.732807,82.300594,False,False,False,False,True,14.2,14.7,27.3,Hyatt
112,ITC Lucknow,Lucknow,Uttar Pradesh,3.6,5939,Guesthouse,True,False,False,False,,,False,True,False,False,True,3.1,8.6,19.4,Marriott
113,Lemon Tree Ahmedabad,Ahmedabad,Gujarat,4.5,12178,Boutique Hotel,False,False,False,True,,,True,False,True,False,False,,2.3,43.2,ITC
114,Treebo Pune,Pune,Maharashtra,3.7,11423,Resort,False,True,False,False,36.730318,81.897806,True,False,True,True,True,,7.7,34.1,Hyatt
115,Lemon Tree Mumbai,Mumbai,Maharashtra,5.0,14594,Guesthouse,False,True,True,True,22.809611,83.045135,True,False,False,False,False,,12.2,27.5,
116,Hyderabad Grand Hotel,Hyderabad,Telangana,3.7,11180,Boutique Hotel,True,True,True,False,21.204646,73.999152,True,False,False,False,True,12.2,3.2,43.2,Hilton
117,Treebo Delhi,Delhi,Delhi,4.5,9492,Business Hotel,True,True,False,False,,,True,True,False,False,True,,17.8,25.2,Hyatt
118,Hyatt Pune,Pune,Maharashtra,2.5,8538,Resort,False,True,True,True,13.715154,71.304694,False,False,False,False,True,12.8,12.7,41.6,
119,Lemon Tree Kolkata,Kolkata,West Bengal,4.0,5889,Guesthouse,True,True,False,True,28.10966,82.813921,False,False,True,False,True,7.6,3.7,19.2,ITC
120,Lemon Tree Ahmedabad,Ahmedabad,Gujarat,2.6,13264,Hotel,False,True,True,False,,,False,False,False,False,False,1.7,1.6,39.2,
121,Kolkata Grand Hotel,Kolkata,West Bengal,3.2,19116,Guesthouse,True,False,False,True,15.768778,83.750079,True,False,True,False,True,,13.4,16.1,
122,Marriott Mumbai,Mumbai,Maharashtra,3.2,4350,Boutique Hotel,True,True,True,False,,,False,True,True,True,True,,11.8,29.0,
123,Hilton Lucknow,Lucknow,Uttar Pradesh,2.9,11089,Guesthouse,False,True,True,False,,,True,True,True,True,False,,15.5,35.4,
124,Leela Palace Ahmedabad,Ahmedabad,Gujarat,3.9,10305,Heritage Property,False,False,False,True,33.523627,70.699749,False,False,False,False,False,13.1,17.1,9.2,
125,Treebo Ahmedabad,Ahmedabad,Gujarat,4.2,13238,Hotel,False,True,False,True,17.363089,76.224199,True,False,False,True,True,11.9,9.7,10.6,
126,Marriott Bangalore,Bangalore,Karnataka,3.6,15518,Resort,True,False,True,False,18.452626,70.390195,True,True,False,False,True,1.8,2.8,14.6,
127,Leela Palace Delhi,Delhi,Delhi,4.0,18521,Heritage Property,False,True,True,False,,,False,True,False,True,True,11.1,2.9,19.1,
128,Leela Palace Kolkata,Kolkata,West Bengal,3.5,5862,Heritage Property,True,True,True,True,28.950529,86.214321,False,True,True,True,True,,12.2,22.3,Hyatt
129,Radisson Pune,Pune,Maharashtra,4.5,9619,Guesthouse,True,True,False,True,,,False,True,True,False,False,,15.9,40.7,
130,Marriott Chennai,Chennai,Tamil Nadu,3.5,9399,Boutique Hotel,True,True,False,False,32.963606,84.483031,False,True,True,True,True,1.1,2.1,40.5,ITC
131,Oberoi Jaipur,Jaipur,Rajasthan,4.1,17918,Boutique Hotel,False,False,True,True,16.9873,82.827836,False,False,True,False,False,,17.1,7.6,ITC
132,Hyatt Delhi,Delhi,Delhi,2.8,3303,Guesthouse,True,True,True,True,,,False,True,False,True,False,,3.2,45.5,Marriott
133,Hyatt Hyderabad,Hyderabad,Telangana,3.2,3592,Guesthouse,True,False,False,False,32.921434,72.83956,True,True,True,True,True,7.3,8.3,11.8,Oberoi
134,Hilton Mumbai,Mumbai,Maharashtra,4.5,15241,Resort,False,True,False,False,10.258725,78.811437,True,True,True,True,False,7.2,6.4,43.0,
135,Taj Hyderabad,Hyderabad,Telangana,3.9,1761,Guesthouse,True,False,False,True,25.159037,82.30746,True,True,True,True,False,8.4,13.1,36.2,
136,Radisson Mumbai,Mumbai,Maharashtra,2.5,13829,Heritage Property,False,True,True,True,35.874367,96.204218,True,True,True,False,False,11.3,12.0,27.7,Radisson
137,Taj Pune,Pune,Maharashtra,4.0,3540,Boutique Hotel,True,True,False,False,,,False,False,False,False,False,14.2,3.6,39.7,
138,Leela Palace Delhi,Delhi,Delhi,2.8,16231,Boutique Hotel,False,False,True,False,,,False,False,True,True,True,,6.8,36.7,Radisson
139,Lucknow Grand Hotel,Lucknow,Uttar Pradesh,3.0,12241,Resort,True,True,False,False,27.638318,75.544837,True,False,False,True,True,12.2,3.7,5.5,
140,Leela Palace Chennai,Chennai,Tamil Nadu,3.0,14626,Guesthouse,True,False,True,True,,,True,True,False,True,True,,2.0,46.6,Hilton
141,OYO Pune Premium,Pune,Maharashtra,3.5,2466,Boutique Hotel,False,True,False,True,,,True,True,True,False,False,8.5,2.2,17.6,Hilton
142,Hyatt Bangalore,Bangalore,Karnataka,3.0,18729,Resort,True,False,False,False,22.055705,94.467633,False,False,True,True,False,0.9,16.4,17.6,
143,Hilton Ahmedabad,Ahmedabad,Gujarat,3.4,9127,Resort,True,True,True,False,30.945879,89.374744,True,False,False,True,True,5.1,15.0,21.1,
144,Lucknow Grand Hotel,Lucknow,Uttar Pradesh,4.3,13023,Business Hotel,True,True,False,False,9.100948,69.628871,True,False,True,False,True,,7.5,13.0,
145,Hyderabad Grand Hotel,Hyderabad,Telangana,2.6,6141,Hotel,False,True,False,False,17.760271,77.355493,False,False,False,True,False,9.0,4.3,18.8,
146,Leela Palace Kolkata,Kolkata,West Bengal,2.9,1558,Heritage Property,False,True,True,False,,,True,True,False,True,False,,5.5,49.2,
147,Treebo Bangalore,Bangalore,Karnataka,4.7,4407,Heritage Property,False,False,True,False,28.102106,78.163954,True,True,False,False,False,,17.8,27.2,
148,Radisson Pune,Pune,Maharashtra,3.9,4823,Boutique Hotel,True,True,False,True,,,False,False,True,True,False,5.9,14.9,29.6,Taj
149,Radisson Delhi,Delhi,Delhi,4.0,17318,Heritage Property,True,False,True,False,10.936477,73.960964,False,False,True,True,True,8.5,10.3,7.5,Radisson
150,Hyatt Mumbai,Mumbai,Maharashtra,2.7,17239,Resort,True,True,True,True,36.334673,81.733549,False,False,False,True,False,13.3,8.0,25.1,Hyatt
151,Marriott Kolkata,Kolkata,West Bengal,3.7,8913,Guesthouse,True,True,True,True,31.437225,80.005613,True,True,False,False,False,3.9,6.7,22.8,
152,Hilton Mumbai,Mumbai,Maharashtra,3.9,18435,Business Hotel,True,True,False,True,,,True,True,True,False,True,,9.3,49.9,Leela
153,Lemon Tree Bangalore,Bangalore,Karnataka,3.1,3695,Hotel,False,False,False,False,34.597695,68.35855,False,True,False,True,True,8.9,19.3,9.5,
154,Lemon Tree Delhi,Delhi,Delhi,4.4,10874,Business Hotel,False,False,False,False,24.588674,81.718352,True,False,True,False,False,,1.9,26.4,Hyatt
155,Radisson Kolkata,Kolkata,West Bengal,2.6,11430,Guesthouse,False,False,True,True,36.252363,80.850208,False,False,True,True,False,12.4,15.1,39.2,
156,Hyderabad Grand Hotel,Hyderabad,Telangana,3.8,6709,Hotel,False,False,True,True,33.380236,73.821077,False,True,False,True,False,7.2,8.5,46.5,Taj
157,ITC Mumbai,Mumbai,Maharashtra,3.4,16117,Resort,False,False,False,True,,,False,True,False,True,True,,15.8,14.6,Oberoi
158,Treebo Chennai,Chennai,Tamil Nadu,3.1,8274,Guesthouse,False,True,True,False,,,True,True,False,False,False,6.0,7.6,16.3,
159,Oberoi Ahmedabad,Ahmedabad,Gujarat,4.2,14513,Business Hotel,True,True,False,False,11.135031,69.851275,False,False,False,False,True,11.6,18.1,41.2,
160,Hyatt Lucknow,Lucknow,Uttar Pradesh,4.2,6085,Heritage Property,True,False,False,False,,,True,False,True,False,False,12.8,17.0,44.4,Taj
161,Oberoi Bangalore,Bangalore,Karnataka,2.7,5692,Heritage Property,False,True,False,True,14.47651,93.271535,False,False,False,False,True,13.1,12.1,47.5,Marriott
162,Marriott Delhi,Delhi,Delhi,4.7,17899,Hotel,False,False,False,True,,,False,False,False,True,False,,4.4,8.6,Leela
163,Treebo Hyderabad,Hyderabad,Telangana,5.0,11769,Heritage Property,True,True,False,False,30.432726,84.712089,True,False,False,False,False,,8.3,6.7,Oberoi
164,OYO Chennai Premium,Chennai,Tamil Nadu,3.4,1961,Guesthouse,True,True,True,True,33.432569,77.050676,True,True,True,False,False,8.0,11.0,24.5,Radisson
165,Radisson Bangalore,Bangalore,Karnataka,5.0,17562,Guesthouse,True,True,False,True,29.087896,71.804968,True,True,False,True,False,,5.9,29.1,
166,Lemon Tree Mumbai,Mumbai,Maharashtra,5.0,5042,Heritage Property,True,True,True,False,11.584257,75.32941,True,True,False,False,True,,6.1,32.3,
167,Hyatt Bangalore,Bangalore,Karnataka,4.6,4937,Business Hotel,True,False,True,True,25.661052,90.560809,True,False,False,False,True,7.7,4.9,47.0,
168,ITC Hyderabad,Hyderabad,Telangana,2.5,4416,Hotel,False,True,True,True,,,True,False,False,False,False,12.3,17.6,43.4,Radisson
169,Treebo Hyderabad,Hyderabad,Telangana,3.3,5297,Hotel,True,True,True,True,33.941301,95.697586,False,False,True,True,False,7.1,16.9,36.0,Oberoi
170,Hyatt Ahmedabad,Ahmedabad,Gujarat,4.1,6965,Hotel,True,True,True,True,25.131759,91.265679,True,False,False,True,True,7.6,17.9,24.8,
171,Oberoi Delhi,Delhi,Delhi,4.1,1905,Heritage Property,True,False,True,False,15.208733,78.026735,False,True,True,True,True,7.3,10.4,12.4,
172,Radisson Ahmedabad,Ahmedabad,Gujarat,3.1,10614,Hotel,True,False,False,True,20.881477,84.618013,False,False,True,False,True,6.5,11.6,5.0,Hilton
173,Lemon Tree Delhi,Delhi,Delhi,4.9,11481,Business Hotel,True,False,False,False,,,False,False,False,False,False,11.5,5.2,20.4,
174,Hilton Kolkata,Kolkata,West Bengal,3.8,4983,Hotel,True,False,True,False,25.714701,73.438759,False,True,False,True,False,6.5,18.6,42.7,
175,Taj Lucknow,Lucknow,Uttar Pradesh,4.4,16262,Boutique Hotel,True,False,True,True,20.551501,84.968501,True,True,True,True,False,,12.5,19.5,
176,Hyatt Pune,Pune,Maharashtra,4.9,9634,Guesthouse,False,False,False,False,,,False,True,True,True,False,,18.5,11.0,Radisson
177,Hilton Bangalore,Bangalore,Karnataka,3.9,12063,Heritage Property,True,False,False,False,33.922114,83.483181,False,True,True,True,False,10.2,4.8,38.8,
178,Oberoi Bangalore,Bangalore,Karnataka,4.2,6298,Hotel,False,True,True,False,,,False,True,False,True,False,14.4,19.5,19.1,Leela
179,Jaipur Grand Hotel,Jaipur,Rajasthan,2.5,9735,Resort,False,True,False,True,,,False,False,True,True,True,,15.0,10.4,
180,Hyatt Mumbai,Mumbai,Maharashtra,3.2,10158,Resort,True,False,True,False,35.187339,69.158277,True,False,False,False,True,,7.0,14.9,
181,Hilton Bangalore,Bangalore,Karnataka,2.7,18052,Resort,False,False,True,False,14.18726,77.624622,False,True,True,False,False,9.8,18.5,16.0,Leela
182,Treebo Mumbai,Mumbai,Maharashtra,4.7,13996,Hotel,False,False,False,True,,,False,False,False,True,False,,4.7,28.1,
183,Leela Palace Delhi,Delhi,Delhi,4.9,19128,Business Hotel,True,True,True,True,,,True,False,True,True,True,5.3,2.7,7.4,Oberoi
184,Hilton Kolkata,Kolkata,West Bengal,2.7,8959,Guesthouse,False,False,False,False,8.489838,87.525663,True,True,True,False,True,10.4,12.5,17.7,
185,Hyatt Ahmedabad,Ahmedabad,Gujarat,3.5,2509,Boutique Hotel,True,True,True,False,,,False,True,False,False,True,8.5,3.3,5.2,
186,Hyatt Lucknow,Lucknow,Uttar Pradesh,3.8,4289,Guesthouse,True,False,True,False,,,True,True,True,True,False,3.1,16.2,43.4,
187,Marriott Jaipur,Jaipur,Rajasthan,4.1,3896,Guesthouse,True,False,True,True,,,False,True,True,True,False,,18.1,19.3,Marriott
188,Radisson Ahmedabad,Ahmedabad,Gujarat,4.0,11516,Heritage Property,True,False,False,False,17.083229,90.784143,False,False,False,True,False,,9.8,21.1,
189,Marriott Kolkata,Kolkata,West Bengal,3.9,7259,Heritage Property,True,False,True,True,33.703739,70.217409,True,False,True,True,False,15.0,10.0,39.9,Taj
190,Hyatt Hyderabad,Hyderabad,Telangana,3.1,11035,Resort,False,True,False,False,27.217676,92.591473,True,True,False,True,True,8.7,17.6,11.6,
191,Radisson Ahmedabad,Ahmedabad,Gujarat,2.6,17479,Resort,True,False,False,True,13.996448,94.324057,False,True,True,False,True,,10.9,42.3,Hilton
192,Lemon Tree Kolkata,Kolkata,West Bengal,3.9,7196,Boutique Hotel,False,False,True,False,34.31003,82.974782,False,False,True,True,False,1.6,13.2,14.5,Marriott
193,Leela Palace Bangalore,Bangalore,Karnataka,3.4,5377,Heritage Property,True,False,False,True,21.885625,74.110415,True,True,True,True,True,7.9,17.9,11.6,Hyatt
194,Oberoi Bangalore,Bangalore,Karnataka,4.8,18429,Boutique Hotel,True,False,True,True,36.790499,93.15177,True,True,False,True,False,,12.3,8.1,Hyatt
195,Hyatt Pune,Pune,Maharashtra,2.8,2042,Resort,False,True,True,True,25.827697,69.13206,True,True,False,True,True,,15.7,34.2,
196,Hyatt Jaipur,Jaipur,Rajasthan,3.4,2923,Heritage Property,False,True,False,False,31.33401,94.327907,True,False,True,False,False,,18.3,8.8,
197,Hilton Lucknow,Lucknow,Uttar Pradesh,3.5,7693,Hotel,True,True,True,False,27.945235,77.16115,False,False,False,False,False,,19.8,22.9,ITC
198,Hyatt Chennai,Chennai,Tamil Nadu,3.9,19770,Boutique Hotel,True,False,False,False,,,False,True,True,True,False,,19.0,9.5,
199,Hyatt Jaipur,Jaipur,Rajasthan,4.5,19541,Business Hotel,True,True,False,True,,,False,False,True,True,False,1.7,1.7,22.3,
200,Lemon Tree Pune,Pune,Maharashtra,4.1,10887,Heritage Property,True,True,False,False,32.666461,94.991996,True,True,True,True,True,10.0,19.5,8.9,
201,Hyatt Kolkata,Kolkata,West Bengal,3.4,14448,Boutique Hotel,True,True,True,True,29.058023,84.214302,False,False,True,True,False,,11.9,16.7,
202,Hilton Pune,Pune,Maharashtra,2.8,3871,Business Hotel,False,False,True,False,,,False,False,False,False,True,,19.3,25.6,
203,Lemon Tree Ahmedabad,Ahmedabad,Gujarat,4.7,17293,Hotel,False,True,False,True,14.667974,77.15619,True,False,True,False,True,11.4,7.5,30.0,
204,Marriott Bangalore,Bangalore,Karnataka,3.3,8661,Business Hotel,False,True,True,False,,,False,True,True,True,True,,7.8,40.1,Leela
205,Taj Delhi,Delhi,Delhi,4.2,17643,Business Hotel,True,True,False,False,22.277871,96.575479,False,False,True,False,False,8.9,2.0,41.0,
206,Hilton Ahmedabad,Ahmedabad,Gujarat,2.6,12879,Boutique Hotel,True,False,True,False,8.24414,87.548989,False,False,False,True,False,7.3,12.6,21.5,Oberoi
207,Hyatt Ahmedabad,Ahmedabad,Gujarat,3.0,13699,Guesthouse,False,False,False,True,36.398901,87.894345,False,True,False,False,True,14.4,3.8,41.3,
208,Hyatt Bangalore,Bangalore,Karnataka,3.7,18441,Business Hotel,False,False,False,False,24.467201,79.553655,True,True,False,False,True,5.4,7.9,30.2,
209,Radisson Kolkata,Kolkata,West Bengal,2.5,5472,Guesthouse,True,True,False,False,22.802891,90.467587,False,False,False,True,True,,18.6,24.0,Oberoi
210,Lemon Tree Lucknow,Lucknow,Uttar Pradesh,3.5,3837,Hotel,True,False,True,False,16.449334,75.756699,False,False,False,False,False,12.9,3.4,15.6,
211,OYO Kolkata Premium,Kolkata,West Bengal,4.3,4123,Resort,True,False,True,True,33.482038,83.904579,True,True,False,True,True,,17.8,18.9,Hyatt
212,OYO Chennai Premium,Chennai,Tamil Nadu,3.2,5642,Resort,True,True,True,False,,,False,False,False,True,True,7.1,15.2,44.5,Hilton
213,Hilton Pune,Pune,Maharashtra,4.1,18991,Guesthouse,False,False,True,True,18.607716,75.534404,True,False,False,False,True,,10.3,39.0,Taj
214,Kolkata Grand Hotel,Kolkata,West Bengal,4.4,11098,Business Hotel,True,True,False,True,24.256076,79.44781,False,True,False,True,False,,10.8,41.0,Hyatt
215,OYO Lucknow Premium,Lucknow,Uttar Pradesh,4.2,10828,Heritage Property,False,False,True,True,16.398264,86.469889,False,False,True,False,True,14.6,1.4,48.8,
216,Oberoi Kolkata,Kolkata,West Bengal,2.8,15866,Heritage Property,True,True,True,True,14.298454,80.187048,False,False,False,True,False,11.4,3.8,17.0,
217,Taj Pune,Pune,Maharashtra,3.9,7450,Resort,False,False,True,True,,,False,False,True,True,True,11.7,10.9,49.2,
218,Hyatt Ahmedabad,Ahmedabad,Gujarat,4.2,11727,Guesthouse,True,True,True,False,16.665579,78.452373,True,True,False,False,True,4.5,3.3,40.5,Leela
219,Mumbai Grand Hotel,Mumbai,Maharashtra,4.0,17073,Heritage Property,True,False,True,True,10.650645,85.940701,True,True,False,True,True,3.9,19.7,40.5,
220,Marriott Hyderabad,Hyderabad,Telangana,4.3,2199,Heritage Property,False,False,True,False,,,False,False,True,True,False,7.3,17.5,31.9,Hilton
221,Leela Palace Jaipur,Jaipur,Rajasthan,2.7,6579,Boutique Hotel,False,False,False,False,26.502756,78.992264,False,True,False,True,False,10.4,15.5,11.9,Taj
222,Radisson Kolkata,Kolkata,West Bengal,3.5,12052,Hotel,True,True,True,True,8.906939,71.1046,False,False,False,True,False,10.9,1.2,46.4,Taj
223,Taj Ahmedabad,Ahmedabad,Gujarat,3.7,3489,Guesthouse,False,False,True,False,29.29471,92.199238,True,True,True,False,True,10.0,11.8,47.6,Leela
224,OYO Jaipur Premium,Jaipur,Rajasthan,3.9,4957,Heritage Property,False,False,False,True,13.2315,79.645158,False,False,False,False,False,9.7,16.7,19.6,ITC
225,Lemon Tree Chennai,Chennai,Tamil Nadu,3.9,13790,Business Hotel,False,False,False,False,,,False,True,True,False,True,3.7,17.3,6.0,Taj
226,Hilton Kolkata,Kolkata,West Bengal,3.8,6569,Hotel,True,False,False,True,18.645404,84.882515,True,False,True,True,False,,4.3,42.2,Radisson
227,Taj Lucknow,Lucknow,Uttar Pradesh,4.0,11343,Hotel,False,True,True,False,31.697109,80.07913,True,True,False,True,False,5.1,11.7,19.7,
228,Leela Palace Chennai,Chennai,Tamil Nadu,2.6,14373,Boutique Hotel,True,True,False,False,,,True,False,True,False,False,7.8,15.7,10.9,Marriott
229,Marriott Bangalore,Bangalore,Karnataka,3.9,17486,Boutique Hotel,True,True,True,True,20.471906,87.857401,True,False,False,False,False,5.5,13.5,39.6,
230,Radisson Bangalore,Bangalore,Karnataka,4.0,15990,Business Hotel,True,False,True,True,18.840803,89.97428,True,True,True,True,False,10.6,3.1,25.3,
231,Radisson Mumbai,Mumbai,Maharashtra,3.0,19129,Resort,True,False,False,True,27.379557,78.921593,True,False,True,True,False,10.6,6.2,25.9,
232,Taj Mumbai,Mumbai,Maharashtra,3.5,10390,Heritage Property,False,True,True,False,,,True,False,True,False,False,,11.1,13.4,
233,Marriott Jaipur,Jaipur,Rajasthan,3.9,2204,Hotel,True,False,False,False,12.553152,78.056617,True,False,True,False,False,,16.5,6.3,Radisson
234,Oberoi Jaipur,Jaipur,Rajasthan,3.1,12699,Boutique Hotel,True,True,False,True,24.614058,80.367485,False,True,True,True,True,,6.9,36.7,Marriott
235,Leela Palace Jaipur,Jaipur,Rajasthan,3.6,6256,Heritage Property,True,False,True,True,32.346153,72.220162,False,False,False,False,False,3.2,3.5,6.2,Marriott
236,Lemon Tree Lucknow,Lucknow,Uttar Pradesh,3.2,9066,Business Hotel,True,True,True,False,30.614961,71.888512,False,False,True,False,False,2.9,5.3,23.4,
237,Oberoi Mumbai,Mumbai,Maharashtra,4.9,8792,Heritage Property,True,True,True,True,,,False,False,False,True,False,1.1,15.0,22.1,
238,Hyatt Hyderabad,Hyderabad,Telangana,4.0,19068,Business Hotel,True,True,False,False,,,False,True,False,True,True,6.3,6.8,42.2,Leela
239,Leela Palace Ahmedabad,Ahmedabad,Gujarat,3.6,3287,Heritage Property,True,False,False,True,,,False,False,False,False,True,9.1,14.5,14.1,ITC
240,Taj Ahmedabad,Ahmedabad,Gujarat,3.1,6873,Heritage Property,True,True,True,False,10.47389,88.511094,True,False,False,True,True,,11.7,34.7,
241,Leela Palace Bangalore,Bangalore,Karnataka,4.7,7361,Heritage Property,True,False,False,False,,,False,True,True,True,True,11.6,1.2,27.4,
242,Hilton Ahmedabad,Ahmedabad,Gujarat,4.5,17669,Resort,True,False,False,False,25.43528,68.190618,False,True,True,True,True,5.6,3.8,6.5,
243,Lemon Tree Lucknow,Lucknow,Uttar Pradesh,3.2,4373,Hotel,True,False,True,True,25.721603,88.053895,True,False,False,True,True,,7.1,45.4,
244,Hyatt Delhi,Delhi,Delhi,4.6,3627,Guesthouse,False,True,True,False,19.998979,74.085516,True,True,False,False,False,,7.0,28.6,Taj
245,Radisson Lucknow,Lucknow,Uttar Pradesh,4.8,19936,Boutique Hotel,False,False,True,True,,,True,True,True,False,True,,4.9,32.7,
246,Hyatt Pune,Pune,Maharashtra,2.6,12957,Business Hotel,True,True,True,False,9.967246,76.708236,True,True,False,False,False,,12.7,6.3,
247,ITC Bangalore,Bangalore,Karnataka,3.3,12573,Heritage Property,False,False,True,True,26.188814,93.869691,False,False,False,True,False,10.3,11.5,5.8,
248,Treebo Lucknow,Lucknow,Uttar Pradesh,3.3,13086,Hotel,True,False,True,False,,,True,False,True,True,False,,7.0,6.4,
249,Taj Pune,Pune,Maharashtra,3.7,9287,Guesthouse,False,False,True,False,18.852255,69.084456,False,True,False,True,True,7.5,17.6,19.0,Oberoi
250,Leela Palace Hyderabad,Hyderabad,Telangana,4.4,4719,Business Hotel,True,True,True,False,33.079496,71.359244,True,False,False,True,True,10.1,6.9,31.0,Taj
251,Treebo Kolkata,Kolkata,West Bengal,4.7,12014,Resort,True,False,False,False,,,False,True,True,False,True,9.5,10.8,14.3,
252,Hilton Hyderabad,Hyderabad,Telangana,3.3,6138,Heritage Property,False,True,True,True,33.87505,83.676736,False,True,True,False,True,6.2,14.4,45.1,Taj
253,Lemon Tree Ahmedabad,Ahmedabad,Gujarat,3.4,12389,Resort,True,False,True,True,,,False,True,False,False,False,14.2,3.7,45.3,
254,Radisson Kolkata,Kolkata,West Bengal,3.5,12324,Guesthouse,False,False,True,True,18.191784,81.376009,True,True,False,True,False,1.5,6.7,25.7,Marriott
255,Hyatt Lucknow,Lucknow,Uttar Pradesh,3.1,9485,Business Hotel,True,False,False,True,31.603555,85.138136,False,False,True,True,True,,14.5,42.7,
256,Lemon Tree Delhi,Delhi,Delhi,4.0,12161,Business Hotel,True,False,True,False,,,False,False,False,True,True,2.5,12.0,39.0,Oberoi
257,Leela Palace Mumbai,Mumbai,Maharashtra,4.2,16343,Business Hotel,False,False,False,True,33.445335,76.692325,False,False,False,True,True,,10.7,43.1,
258,Kolkata Grand Hotel,Kolkata,West Bengal,3.4,19485,Hotel,True,False,True,False,,,False,False,False,False,False,10.1,10.0,13.5,Hyatt
259,Radisson Pune,Pune,Maharashtra,4.6,6555,Guesthouse,True,True,True,True,12.175881,93.661772,True,True,True,False,False,,14.2,46.9,
260,Leela Palace Lucknow,Lucknow,Uttar Pradesh,3.6,15397,Business Hotel,False,False,False,True,25.532624,84.760217,True,False,False,False,True,,11.8,36.7,
261,Lemon Tree Delhi,Delhi,Delhi,3.7,4123,Resort,False,False,True,True,26.289223,87.248371,False,True,False,True,False,13.6,11.9,19.9,
262,Oberoi Hyderabad,Hyderabad,Telangana,3.2,2657,Heritage Property,False,False,True,False,24.61294,87.033277,False,False,True,True,True,,6.3,11.0,Taj
263,Oberoi Kolkata,Kolkata,West Bengal,4.6,1965,Heritage Property,True,True,True,False,13.086582,90.693303,True,False,True,True,True,,15.3,23.6,ITC
264,ITC Pune,Pune,Maharashtra,4.2,6981,Resort,False,True,False,True,21.456433,81.810726,False,False,False,False,True,6.8,6.5,40.9,Leela
265,Treebo Pune,Pune,Maharashtra,3.3,18875,Heritage Property,True,True,False,False,26.909912,75.905127,False,False,False,True,True,10.3,19.9,19.1,Oberoi
266,Treebo Mumbai,Mumbai,Maharashtra,2.5,3726,Hotel,False,True,True,False,29.032269,75.304987,True,True,True,True,True,,3.5,34.5,Oberoi
267,Leela Palace Lucknow,Lucknow,Uttar Pradesh,4.7,7537,Guesthouse,False,False,True,False,,,False,False,True,True,False,,8.3,20.0,Hyatt
268,Oberoi Mumbai,Mumbai,Maharashtra,4.9,10172,Resort,False,True,False,True,13.174823,82.269662,True,True,False,False,True,1.5,14.8,40.0,Hyatt
269,Marriott Mumbai,Mumbai,Maharashtra,2.9,1528,Hotel,False,False,True,False,,,False,False,False,False,True,0.5,19.1,41.8,
270,Taj Ahmedabad,Ahmedabad,Gujarat,3.9,13261,Guesthouse,False,False,True,True,32.74692,77.861821,False,True,True,True,False,,6.7,22.6,
271,Treebo Delhi,Delhi,Delhi,4.2,17441,Hotel,False,True,True,True,28.872432,85.195417,False,False,False,True,True,5.4,14.7,23.2,Oberoi
272,Treebo Chennai,Chennai,Tamil Nadu,4.2,16519,Heritage Property,True,True,True,True,,,False,True,True,True,True,1.2,6.8,40.7,Taj
273,Lemon Tree Ahmedabad,Ahmedabad,Gujarat,2.9,3595,Hotel,True,False,True,True,,,False,True,True,False,True,,12.3,20.1,Hyatt
274,Oberoi Delhi,Delhi,Delhi,2.9,15103,Resort,False,True,False,True,,,False,True,True,False,True,3.1,2.7,34.3,Oberoi
275,Hyatt Kolkata,Kolkata,West Bengal,4.2,17097,Heritage Property,True,True,True,False,19.948908,95.204599,True,True,False,True,False,0.6,5.5,10.3,
276,Taj Jaipur,Jaipur,Rajasthan,4.0,19185,Business Hotel,True,False,True,False,11.267695,72.327305,False,False,True,True,True,5.8,5.0,16.3,
277,Marriott Lucknow,Lucknow,Uttar Pradesh,2.6,3218,Business Hotel,True,True,True,False,10.054925,74.823695,False,True,False,True,True,1.9,15.0,44.1,Marriott
278,ITC Pune,Pune,Maharashtra,2.7,17373,Hotel,False,True,True,False,18.831067,81.274466,False,True,False,True,True,,2.1,11.1,Marriott
279,Marriott Ahmedabad,Ahmedabad,Gujarat,3.5,12758,Resort,False,True,True,True,32.852239,82.187189,False,False,False,True,False,,5.7,19.7,
280,ITC Lucknow,Lucknow,Uttar Pradesh,4.7,6381,Business Hotel,True,False,True,True,,,True,False,False,False,True,4.0,11.6,5.6,
281,ITC Pune,Pune,Maharashtra,2.8,11192,Resort,True,True,False,False,21.319202,84.541043,False,False,True,False,True,,8.0,25.9,
282,Treebo Mumbai,Mumbai,Maharashtra,2.7,12408,Business Hotel,True,False,False,False,25.762536,84.681652,False,True,False,True,True,7.2,1.8,21.5,Oberoi
283,OYO Jaipur Premium,Jaipur,Rajasthan,2.7,8208,Resort,False,True,True,False,,,True,True,False,False,False,6.6,2.0,21.8,
284,Marriott Ahmedabad,Ahmedabad,Gujarat,3.8,5520,Boutique Hotel,False,False,False,True,33.63539,70.531954,False,True,True,True,False,2.6,3.9,14.2,ITC
285,Oberoi Mumbai,Mumbai,Maharashtra,3.5,19241,Resort,False,False,False,False,,,True,True,True,False,False,10.0,15.9,26.9,Leela
286,Hilton Jaipur,Jaipur,Rajasthan,3.6,11464,Business Hotel,True,False,True,False,18.785167,76.356242,True,False,False,False,True,,4.1,29.1,
287,Leela Palace Bangalore,Bangalore,Karnataka,4.6,6529,Resort,True,True,True,False,20.78577,78.720492,False,False,True,False,False,2.9,6.7,46.4,Taj
288,Marriott Pune,Pune,Maharashtra,4.4,16509,Guesthouse,True,True,False,False,16.404988,95.376276,True,False,False,True,False,,3.6,29.8,
289,Kolkata Grand Hotel,Kolkata,West Bengal,3.5,8720,Boutique Hotel,False,True,False,True,13.659343,83.266581,False,True,True,True,False,,19.2,48.9,
290,ITC Pune,Pune,Maharashtra,3.7,18262,Hotel,False,False,True,False,18.812103,76.254861,True,True,False,False,False,12.2,19.4,24.1,Hilton
291,Leela Palace Pune,Pune,Maharashtra,4.6,4320,Resort,True,False,False,False,35.842764,89.927308,False,False,True,False,True,12.6,6.5,27.1,Hyatt
292,Lemon Tree Kolkata,Kolkata,West Bengal,3.3,19826,Heritage Property,False,True,True,True,16.704913,86.576101,True,False,False,True,False,,13.3,6.3,
293,Marriott Kolkata,Kolkata,West Bengal,5.0,3686,Business Hotel,False,False,False,False,21.805181,88.133108,False,True,True,True,False,10.6,7.8,7.4,Taj
294,Hyatt Hyderabad,Hyderabad,Telangana,4.1,13164,Hotel,False,False,True,True,,,True,False,False,False,False,,14.1,9.3,Oberoi
295,Radisson Lucknow,Lucknow,Uttar Pradesh,4.6,1922,Resort,False,False,False,False,34.412851,70.970118,True,True,False,False,True,2.4,1.3,20.7,Leela
296,Leela Palace Hyderabad,Hyderabad,Telangana,4.5,18641,Guesthouse,True,False,True,True,32.847641,72.128421,True,True,True,False,True,11.7,15.4,6.9,ITC
297,Delhi Grand Hotel,Delhi,Delhi,4.5,18325,Business Hotel,True,False,True,False,16.747728,68.2979,True,True,True,False,True,12.8,18.9,47.7,Oberoi
298,Radisson Hyderabad,Hyderabad,Telangana,2.9,17904,Heritage Property,True,True,True,True,28.758537,95.96365,True,True,False,False,True,14.4,4.4,21.0,Taj
299,Hyatt Pune,Pune,Maharashtra,3.0,8956,Boutique Hotel,True,False,True,False,11.941459,90.105937,True,True,False,False,True,7.1,15.0,35.9,
300,ITC Ahmedabad,Ahmedabad,Gujarat,3.9,11022,Boutique Hotel,True,True,False,False,36.962976,82.257803,True,True,True,False,False,,19.6,38.4,Hilton
301,Taj Bangalore,Bangalore,Karnataka,3.4,8023,Guesthouse,True,False,True,True,,,False,False,False,False,False,,19.1,49.4,
302,Oberoi Jaipur,Jaipur,Rajasthan,2.9,16397,Hotel,True,False,False,False,35.329687,68.861982,True,False,True,True,False,,7.2,18.6,
303,Taj Lucknow,Lucknow,Uttar Pradesh,4.4,18537,Boutique Hotel,False,True,False,False,15.588293,77.964854,True,True,False,True,False,12.9,9.4,6.6,
304,Hilton Bangalore,Bangalore,Karnataka,4.1,11430,Heritage Property,True,False,False,True,19.283334,90.156323,False,False,False,True,True,7.7,19.4,32.8,
305,Oberoi Hyderabad,Hyderabad,Telangana,3.3,2422,Business Hotel,True,True,False,False,,,False,False,True,False,False,,8.8,7.5,
306,ITC Chennai,Chennai,Tamil Nadu,3.1,11726,Business Hotel,True,True,False,True,8.571648,77.457388,False,False,True,False,True,,8.2,22.6,Hyatt
307,Taj Lucknow,Lucknow,Uttar Pradesh,4.5,4778,Heritage Property,True,False,False,False,16.686106,96.113405,True,False,False,True,False,,8.6,15.2,Oberoi
308,OYO Delhi Premium,Delhi,Delhi,4.6,4604,Business Hotel,False,False,True,False,18.072178,70.223186,False,False,False,True,False,9.6,9.6,39.4,
309,Bangalore Grand Hotel,Bangalore,Karnataka,4.1,18415,Resort,False,True,False,False,,,False,True,True,False,False,2.7,14.0,18.5,
310,Hyatt Pune,Pune,Maharashtra,3.3,3611,Heritage Property,True,False,False,False,15.436952,85.435736,True,True,True,True,False,8.6,9.3,34.1,Oberoi
311,ITC Mumbai,Mumbai,Maharashtra,2.9,5970,Hotel,False,False,True,True,,,True,True,False,False,True,,8.7,21.4,Taj
312,Hyatt Delhi,Delhi,Delhi,4.9,6105,Resort,True,True,False,False,,,False,False,False,True,False,2.0,5.1,17.4,Oberoi
313,Oberoi Pune,Pune,Maharashtra,4.7,3332,Boutique Hotel,False,True,False,False,15.144054,76.054279,True,False,False,False,False,14.5,12.5,42.9,
314,OYO Mumbai Premium,Mumbai,Maharashtra,4.8,9353,Guesthouse,False,False,False,True,14.855075,80.829681,False,False,True,True,False,13.4,18.4,33.4,Hyatt
315,Pune Grand Hotel,Pune,Maharashtra,3.2,4124,Boutique Hotel,False,False,False,False,,,True,False,True,False,False,,16.5,38.2,
316,OYO Ahmedabad Premium,Ahmedabad,Gujarat,2.6,3207,Heritage Property,True,False,True,True,26.220592,77.097932,True,True,False,False,False,11.2,6.0,35.9,ITC
317,Oberoi Hyderabad,Hyderabad,Telangana,3.0,15082,Guesthouse,True,False,False,True,8.666133,84.19737,True,True,False,True,False,,4.2,23.0,
318,Lemon Tree Pune,Pune,Maharashtra,3.2,4418,Guesthouse,True,True,True,False,,,False,True,True,True,True,,16.5,17.0,
319,Hyatt Ahmedabad,Ahmedabad,Gujarat,2.8,8270,Business Hotel,True,False,True,False,30.981443,68.83442,True,False,True,False,False,7.3,17.6,48.8,
320,Treebo Pune,Pune,Maharashtra,3.0,14066,Heritage Property,False,False,True,True,9.511266,95.000874,True,True,False,False,False,,13.8,11.0,Marriott
321,Jaipur Grand Hotel,Jaipur,Rajasthan,4.0,10029,Resort,False,False,False,True,28.597412,80.55496,True,True,False,False,False,,6.4,44.5,Marriott
322,Oberoi Lucknow,Lucknow,Uttar Pradesh,3.8,15779,Resort,False,False,True,False,12.310003,74.665956,True,False,False,True,False,5.7,14.5,26.8,Radisson
323,Taj Ahmedabad,Ahmedabad,Gujarat,4.6,6351,Hotel,False,True,True,False,12.880555,82.753395,True,True,False,True,True,,13.9,44.9,Leela
324,Oberoi Mumbai,Mumbai,Maharashtra,4.2,5497,Boutique Hotel,False,True,False,True,21.346762,88.523493,True,False,True,False,False,,20.0,45.8,Radisson
325,Leela Palace Lucknow,Lucknow,Uttar Pradesh,3.0,3095,Heritage Property,False,False,True,True,25.466454,70.683979,False,True,True,True,True,6.3,13.3,47.9,Leela
326,Taj Bangalore,Bangalore,Karnataka,3.2,15667,Heritage Property,False,True,False,True,,,False,False,False,False,False,6.6,15.4,41.5,
327,Leela Palace Lucknow,Lucknow,Uttar Pradesh,3.6,15459,Hotel,True,False,False,True,28.695429,94.989361,True,False,False,False,True,,10.1,11.7,
328,Treebo Bangalore,Bangalore,Karnataka,4.8,9647,Business Hotel,False,False,True,True,,,False,False,True,False,False,9.0,15.6,5.7,
329,Leela Palace Ahmedabad,Ahmedabad,Gujarat,4.5,14376,Hotel,True,False,False,False,21.194946,87.437536,False,False,True,True,True,14.7,5.9,35.3,
330,Hilton Pune,Pune,Maharashtra,2.5,14441,Hotel,True,True,False,False,33.194635,96.00831,False,False,False,False,False,2.5,4.6,41.7,
331,Chennai Grand Hotel,Chennai,Tamil Nadu,3.0,6256,Heritage Property,True,False,True,True,21.439341,81.745684,True,False,False,False,True,,12.1,14.1,ITC
332,Hyatt Lucknow,Lucknow,Uttar Pradesh,2.6,1758,Hotel,False,False,False,False,19.590731,82.887316,False,True,True,True,False,8.5,6.1,34.2,
333,Taj Ahmedabad,Ahmedabad,Gujarat,3.7,12862,Boutique Hotel,False,True,True,False,,,True,True,False,False,True,,14.7,22.6,Hilton
334,Treebo Pune,Pune,Maharashtra,4.1,13304,Boutique Hotel,True,True,False,True,11.7438,73.785042,True,False,False,False,True,1.2,1.3,44.6,
335,Treebo Hyderabad,Hyderabad,Telangana,2.9,17997,Hotel,True,False,False,True,11.499953,74.498774,False,True,False,True,True,,18.6,24.7,Marriott
336,Taj Ahmedabad,Ahmedabad,Gujarat,4.9,4838,Business Hotel,True,True,True,True,,,True,False,False,False,True,5.8,16.6,10.5,
337,Marriott Chennai,Chennai,Tamil Nadu,4.9,1715,Resort,False,False,False,True,18.800654,89.890511,True,False,True,True,False,6.4,9.7,43.4,Leela
338,Hyderabad Grand Hotel,Hyderabad,Telangana,3.6,1825,Heritage Property,True,True,False,False,30.398807,80.588096,True,True,False,False,False,,14.3,44.3,Taj
339,Radisson Hyderabad,Hyderabad,Telangana,2.5,10667,Business Hotel,True,False,False,True,,,False,False,False,True,False,8.3,8.4,37.3,
340,Hilton Bangalore,Bangalore,Karnataka,5.0,10803,Resort,True,False,False,True,33.819261,83.658047,False,True,True,False,False,,7.7,7.1,Radisson
341,Marriott Delhi,Delhi,Delhi,3.2,1670,Boutique Hotel,False,True,True,False,27.340749,91.637298,True,False,True,True,False,3.3,15.8,25.4,
342,OYO Bangalore Premium,Bangalore,Karnataka,3.6,15002,Hotel,True,True,False,True,20.938759,78.709532,False,False,False,False,False,,19.0,37.9,
343,Leela Palace Pune,Pune,Maharashtra,2.9,5665,Boutique Hotel,False,True,True,True,8.945614,72.548351,True,False,True,True,False,1.1,3.9,21.7,
344,Oberoi Hyderabad,Hyderabad,Telangana,3.2,2416,Resort,True,False,True,False,,,True,True,False,True,True,8.8,11.7,45.5,Hilton
345,Marriott Pune,Pune,Maharashtra,4.6,5851,Resort,False,False,False,True,,,False,True,False,False,True,,17.9,38.1,Hyatt
346,Leela Palace Delhi,Delhi,Delhi,4.3,11620,Business Hotel,True,True,True,True,,,False,True,True,True,True,3.5,16.8,42.8,
347,Marriott Lucknow,Lucknow,Uttar Pradesh,2.7,18983,Business Hotel,False,False,True,False,,,True,False,True,False,False,2.2,2.9,12.6,Hyatt
348,Leela Palace Bangalore,Bangalore,Karnataka,3.1,4436,Resort,False,False,True,True,17.43343,68.787965,True,False,True,False,False,14.2,18.1,7.3,Hyatt
349,Lemon Tree Chennai,Chennai,Tamil Nadu,4.0,17653,Business Hotel,False,True,False,True,24.040511,69.898288,True,False,True,True,True,6.4,2.6,33.6,Leela
350,Leela Palace Chennai,Chennai,Tamil Nadu,3.4,7011,Resort,False,False,True,True,,,False,True,True,True,False,4.1,13.9,50.0,
351,Lemon Tree Chennai,Chennai,Tamil Nadu,4.6,10718,Hotel,True,True,False,True,11.566332,72.049858,False,False,True,False,False,,19.6,36.8,
352,ITC Kolkata,Kolkata,West Bengal,4.2,12039,Guesthouse,True,False,False,True,,,False,True,True,True,False,10.6,10.3,22.7,Taj
353,Treebo Delhi,Delhi,Delhi,4.1,19150,Hotel,False,True,False,False,,,True,True,False,False,True,3.7,1.4,17.7,ITC
354,ITC Hyderabad,Hyderabad,Telangana,2.7,11434,Heritage Property,True,True,False,False,22.292298,88.417383,True,True,False,True,False,7.7,11.5,34.7,
355,Treebo Lucknow,Lucknow,Uttar Pradesh,4.2,7251,Hotel,True,True,True,False,,,False,True,True,False,False,6.7,13.8,34.3,
356,Hyatt Hyderabad,Hyderabad,Telangana,4.6,14832,Guesthouse,True,False,False,False,9.260476,88.915388,False,False,True,False,True,13.3,16.3,49.6,Hyatt
357,OYO Chennai Premium,Chennai,Tamil Nadu,3.6,3939,Resort,True,True,False,False,26.133546,68.80831,False,False,True,True,False,5.4,2.0,20.0,Taj
358,Taj Chennai,Chennai,Tamil Nadu,4.4,15869,Hotel,False,True,True,True,,,True,True,False,True,False,,9.2,9.6,Oberoi
359,Hilton Mumbai,Mumbai,Maharashtra,2.6,13999,Boutique Hotel,True,False,True,True,21.462064,80.415066,True,False,True,False,False,2.1,1.2,37.1,
360,ITC Lucknow,Lucknow,Uttar Pradesh,4.8,5628,Heritage Property,False,False,False,False,,,True,True,True,True,False,7.9,13.4,21.1,Leela
361,Hilton Lucknow,Lucknow,Uttar Pradesh,4.4,6330,Boutique Hotel,False,False,False,False,,,True,True,True,True,False,14.7,13.2,14.1,
362,Radisson Delhi,Delhi,Delhi,3.0,17088,Heritage Property,False,False,False,False,12.70612,81.174761,True,False,True,True,True,,9.9,14.6,
363,OYO Ahmedabad Premium,Ahmedabad,Gujarat,4.4,12363,Heritage Property,False,True,False,True,,,True,False,True,True,True,3.3,12.1,39.4,Taj
364,Mumbai Grand Hotel,Mumbai,Maharashtra,3.0,10809,Resort,True,False,True,False,,,True,True,False,True,True,,3.6,34.5,Leela
365,Radisson Delhi,Delhi,Delhi,4.8,11496,Boutique Hotel,True,False,False,True,,,False,True,True,True,True,,4.6,22.0,
366,Radisson Hyderabad,Hyderabad,Telangana,4.0,9513,Hotel,True,False,True,False,26.254315,76.122126,True,True,False,True,True,11.4,13.3,27.9,Hilton
367,Hilton Ahmedabad,Ahmedabad,Gujarat,3.7,12045,Heritage Property,False,False,False,False,19.627436,94.714371,True,True,True,True,False,,8.5,18.8,
368,Lemon Tree Pune,Pune,Maharashtra,2.9,13758,Guesthouse,True,True,True,False,18.195674,84.934905,False,False,False,False,False,7.7,6.2,6.1,Marriott
369,ITC Ahmedabad,Ahmedabad,Gujarat,3.2,3986,Guesthouse,True,False,True,False,,,False,True,True,False,True,,5.8,38.5,Oberoi
370,ITC Kolkata,Kolkata,West Bengal,4.3,6017,Heritage Property,False,True,False,False,,,False,False,True,False,True,,5.3,37.6,
371,Marriott Chennai,Chennai,Tamil Nadu,3.1,19608,Boutique Hotel,False,False,True,False,,,True,False,False,True,False,13.2,6.8,38.2,Hyatt
372,Treebo Ahmedabad,Ahmedabad,Gujarat,4.6,12635,Resort,False,False,False,False,8.673955,90.775377,True,False,False,False,True,,2.2,22.4,
373,Taj Ahmedabad,Ahmedabad,Gujarat,3.3,16295,Heritage Property,False,True,True,True,13.151447,91.96777,True,True,True,True,False,3.9,13.5,8.1,
374,Radisson Mumbai,Mumbai,Maharashtra,3.8,7130,Guesthouse,False,False,True,True,20.133983,89.55114,True,True,False,False,False,8.8,6.9,14.1,Leela
375,Oberoi Ahmedabad,Ahmedabad,Gujarat,3.0,6175,Boutique Hotel,True,False,True,False,,,False,False,True,True,False,,18.5,20.6,
376,Hyatt Kolkata,Kolkata,West Bengal,4.0,7238,Boutique Hotel,True,True,False,False,27.113321,88.257139,True,True,False,False,True,,14.7,14.8,Taj
377,Hyatt Ahmedabad,Ahmedabad,Gujarat,5.0,19614,Hotel,False,True,True,False,12.780334,74.013791,True,False,False,False,False,,8.5,5.5,Taj
378,OYO Delhi Premium,Delhi,Delhi,4.8,12218,Heritage Property,False,False,False,True,27.053656,88.693865,False,True,True,True,True,2.3,15.1,12.6,Hilton
379,Treebo Mumbai,Mumbai,Maharashtra,3.2,15939,Guesthouse,True,True,True,True,9.384925,86.408922,True,False,False,False,True,1.2,8.2,14.1,
380,Radisson Chennai,Chennai,Tamil Nadu,4.8,8053,Hotel,True,False,True,True,13.572403,87.399534,True,True,True,False,True,,7.1,33.2,Oberoi
381,ITC Lucknow,Lucknow,Uttar Pradesh,4.8,14445,Boutique Hotel,True,True,True,True,13.035025,79.662045,True,False,True,True,False,,8.0,8.0,Hyatt
382,Hyatt Chennai,Chennai,Tamil Nadu,3.3,17870,Hotel,True,False,True,False,,,True,False,True,False,False,0.8,18.3,25.2,
383,Treebo Jaipur,Jaipur,Rajasthan,4.4,17996,Business Hotel,True,True,True,True,29.399485,89.960127,True,True,False,False,False,5.9,13.2,15.7,
384,Marriott Lucknow,Lucknow,Uttar Pradesh,4.3,12270,Resort,False,False,True,False,16.365198,68.687107,False,False,True,True,True,,13.6,16.2,
385,Lemon Tree Chennai,Chennai,Tamil Nadu,4.7,18587,Guesthouse,True,False,True,True,,,True,True,True,True,True,8.5,16.1,14.2,Leela
386,Taj Jaipur,Jaipur,Rajasthan,3.6,16805,Guesthouse,True,True,True,False,15.220113,76.275234,False,False,True,False,False,7.3,9.0,32.4,Leela
387,Leela Palace Pune,Pune,Maharashtra,4.5,17294,Hotel,False,False,True,False,12.431163,89.072799,False,False,False,False,False,2.5,9.9,12.0,Hilton
388,Chennai Grand Hotel,Chennai,Tamil Nadu,2.5,17906,Heritage Property,False,False,False,False,,,False,False,False,False,True,1.1,18.5,22.3,
389,Leela Palace Lucknow,Lucknow,Uttar Pradesh,3.0,15796,Guesthouse,False,False,False,True,34.869044,89.334262,False,True,True,False,False,,3.8,16.1,Taj
390,Treebo Lucknow,Lucknow,Uttar Pradesh,4.6,1904,Hotel,True,False,False,True,13.475874,80.265401,False,False,False,False,False,,18.6,44.1,
391,Treebo Delhi,Delhi,Delhi,3.9,12785,Resort,False,True,False,False,12.883562,82.259975,False,False,False,True,True,10.7,4.8,13.2,Hyatt
392,Marriott Delhi,Delhi,Delhi,3.9,8465,Resort,True,True,True,True,34.165925,79.85498,True,True,True,False,True,4.5,7.5,31.4,
393,Marriott Ahmedabad,Ahmedabad,Gujarat,4.2,4803,Hotel,True,False,True,True,23.147702,68.210597,False,False,False,False,False,10.4,7.5,19.2,
394,Radisson Chennai,Chennai,Tamil Nadu,4.2,13900,Business Hotel,True,False,False,True,33.245704,79.652442,True,True,True,False,True,9.5,13.5,26.4,
395,Treebo Pune,Pune,Maharashtra,3.0,12057,Hotel,False,True,False,False,22.051548,89.436934,False,False,False,True,False,3.3,3.7,28.4,
396,OYO Lucknow Premium,Lucknow,Uttar Pradesh,3.8,5689,Boutique Hotel,True,False,False,True,,,False,True,True,True,True,,13.5,9.0,
397,OYO Pune Premium,Pune,Maharashtra,2.6,12198,Boutique Hotel,False,True,False,False,,,True,False,True,False,True,,15.6,32.0,
398,Hyatt Hyderabad,Hyderabad,Telangana,4.8,14005,Heritage Property,False,True,True,False,10.54273,70.585043,True,True,False,True,False,,12.0,5.1,
399,Lemon Tree Mumbai,Mumbai,Maharashtra,3.8,14218,Boutique Hotel,False,False,True,True,8.266467,92.718499,True,False,False,True,False,10.1,16.2,36.6,Radisson
400,Radisson Lucknow,Lucknow,Uttar Pradesh,3.3,5545,Guesthouse,False,True,False,False,,,True,True,True,True,True,,14.8,18.5,Marriott
