interaction_id,user_id,hotel_id,interaction_type,interaction_date,rating,total_amount_inr,stay_duration,travel_purpose,advance_booking_days,cancellation_flag
1,1,70,Booked,2023-12-16,5.0,18468,5.0,Family_vacation,3.0,False
2,1,115,Booked,2023-10-18,5.0,37004,1.0,Family_vacation,0.0,False
3,1,123,Booked,2023-06-08,4.3,8322,4.0,Business,1.0,False
4,1,57,Reviewed,2023-03-24,4.6,40845,,,,
5,1,228,Reviewed,2023-07-06,5.0,7961,,,,
6,1,260,Booked,2023-04-02,5.0,31892,3.0,Family_vacation,1.0,False
7,2,236,Booked,2023-03-05,5.0,40208,1.0,Leisure,0.0,False
8,2,236,Booked,2023-07-29,5.0,20104,4.0,Leisure,2.0,False
9,2,236,Booked,2023-06-10,5.0,40208,5.0,Leisure,0.0,False
10,3,10,Booked,2023-12-25,2.6,3963,2.0,Leisure,13.0,False
11,3,299,Booked,2023-03-23,4.1,3550,2.0,Business,8.0,False
12,3,148,Booked,2023-02-17,2.3,12652,6.0,Leisure,27.0,False
13,3,63,Booked,2023-02-13,2.0,3838,4.0,Leisure,21.0,False
14,4,117,Booked,2023-12-26,4.0,3898,3.0,Business,4.0,False
15,4,139,Reviewed,2023-08-29,3.0,7652,,,,
16,4,188,Reviewed,2023-06-13,3.7,16325,,,,
17,5,93,Booked,2023-08-09,3.6,7232,1.0,Leisure,35.0,True
18,5,159,Booked,2023-12-17,4.7,15102,6.0,Business,24.0,False
19,5,295,Booked,2023-05-21,4.6,23169,7.0,Leisure,11.0,False
20,5,351,Booked,2023-12-09,5.0,13900,7.0,Business,22.0,False
21,5,18,Booked,2023-08-08,5.0,20799,2.0,Leisure,52.0,False
22,6,104,Reviewed,2023-09-04,1.0,7988,,,,
23,6,109,Reviewed,2023-12-23,2.5,29095,,,,
24,6,133,Booked,2023-07-19,2.2,27310,7.0,Family_vacation,0.0,False
25,7,115,Booked,2023-06-12,5.0,37004,2.0,Leisure,0.0,False
26,7,15,Reviewed,2023-12-12,5.0,43485,,,,
27,7,179,Booked,2023-01-02,5.0,12574,6.0,Leisure,0.0,False
28,7,176,Reviewed,2023-01-19,5.0,16580,,,,
29,8,343,Booked,2023-03-27,5.0,17018,3.0,Business,1.0,False
30,8,106,Booked,2023-12-14,4.4,7952,3.0,Family_vacation,0.0,True
31,8,45,Booked,2023-06-07,5.0,8158,6.0,Business,6.0,False
32,9,375,Reviewed,2023-08-07,5.0,24135,,,,
33,9,98,Booked,2023-02-28,5.0,36188,4.0,Business,0.0,False
34,9,198,Reviewed,2023-03-25,5.0,33116,,,,
35,9,264,Reviewed,2023-12-04,5.0,32688,,,,
36,9,212,Booked,2023-11-21,5.0,46455,7.0,Business,3.0,False
37,9,332,Reviewed,2023-02-23,5.0,8471,,,,
38,10,272,Booked,2023-11-16,4.3,3285,6.0,Leisure,21.0,False
39,10,372,Booked,2023-01-17,3.9,15460,2.0,Leisure,13.0,False
40,10,205,Reviewed,2023-07-15,4.2,24820,,,,
41,11,219,Booked,2023-08-26,3.5,14756,1.0,Leisure,26.0,False
42,11,194,Booked,2023-09-17,2.9,10533,3.0,Leisure,14.0,False
43,11,373,Booked,2023-08-01,3.9,3646,4.0,Business,22.0,True
44,11,99,Booked,2023-09-23,4.1,18645,3.0,Leisure,4.0,False
45,11,373,Booked,2023-08-09,3.2,14584,2.0,Leisure,21.0,False
46,11,84,Booked,2023-01-27,4.1,19275,4.0,Leisure,24.0,False
47,12,395,Booked,2023-09-22,4.3,11236,1.0,Leisure,6.0,False
48,12,373,Booked,2023-03-02,3.8,14584,7.0,Leisure,36.0,False
49,12,296,Booked,2023-10-11,4.8,17547,2.0,Business,22.0,True
50,13,146,Booked,2023-10-06,5.0,3681,5.0,Leisure,0.0,False
51,13,171,Reviewed,2023-03-08,5.0,10329,,,,
52,13,362,Booked,2023-04-06,3.9,6662,3.0,Leisure,8.0,False
53,13,356,Reviewed,2023-05-14,4.6,8652,,,,
54,13,117,Booked,2023-02-12,5.0,3898,6.0,Leisure,1.0,False
55,13,171,Booked,2023-02-26,4.3,17215,1.0,Leisure,1.0,False
56,13,393,Booked,2023-04-03,3.7,15156,7.0,Leisure,17.0,False
57,14,244,Booked,2023-01-12,5.0,30908,6.0,Business,1.0,False
58,14,195,Reviewed,2023-07-12,5.0,30284,,,,
59,14,135,Reviewed,2023-03-24,4.8,8046,,,,
60,14,174,Reviewed,2023-12-04,5.0,47150,,,,
61,14,204,Booked,2023-01-17,4.7,22641,3.0,Family_vacation,0.0,False
62,15,158,Booked,2023-04-09,5.0,42030,1.0,Leisure,4.0,False
63,15,379,Reviewed,2023-04-21,5.0,7552,,,,
64,15,313,Booked,2023-04-22,5.0,20864,2.0,Business,8.0,False
65,16,347,Booked,2023-02-17,5.0,41115,6.0,Family_vacation,0.0,False
66,16,58,Booked,2023-09-11,5.0,16476,2.0,Family_vacation,0.0,False
67,16,77,Booked,2023-05-24,5.0,4599,5.0,Family_vacation,0.0,False
68,16,186,Reviewed,2023-04-16,5.0,20576,,,,
69,16,134,Booked,2023-08-10,4.5,15268,5.0,Family_vacation,0.0,False
70,17,48,Booked,2023-08-08,3.8,14247,3.0,Family_vacation,1.0,False
71,17,41,Booked,2023-08-19,3.7,4212,5.0,Family_vacation,0.0,False
72,17,191,Booked,2023-11-06,5.0,34305,3.0,Family_vacation,16.0,False
73,18,121,Booked,2023-05-06,5.0,24834,3.0,Business,31.0,False
74,18,121,Booked,2023-01-05,5.0,8278,6.0,Leisure,3.0,False
75,18,198,Booked,2023-06-14,5.0,41395,1.0,Leisure,1.0,False
76,19,107,Reviewed,2023-11-08,5.0,10554,,,,
77,19,313,Booked,2023-10-21,5.0,41728,6.0,Leisure,3.0,False
78,19,107,Reviewed,2023-06-13,5.0,10554,,,,
79,19,203,Reviewed,2023-09-13,5.0,29130,,,,
80,19,107,Reviewed,2023-08-04,5.0,42216,,,,
81,19,203,Booked,2023-03-29,5.0,48550,4.0,Leisure,2.0,True
82,19,203,Booked,2023-01-10,5.0,48550,1.0,Leisure,1.0,False
83,20,359,Booked,2023-11-27,2.3,31272,1.0,Leisure,5.0,False
84,20,26,Reviewed,2023-06-04,4.9,21567,,,,
85,20,229,Reviewed,2023-07-24,4.6,20085,,,,
86,21,238,Booked,2023-09-10,5.0,3719,7.0,Business,3.0,False
87,21,9,Booked,2023-01-15,4.4,4306,2.0,Business,1.0,False
88,21,330,Booked,2023-12-19,5.0,9210,2.0,Business,2.0,False
89,22,21,Booked,2023-01-03,5.0,7504,3.0,Leisure,1.0,True
90,22,65,Booked,2023-01-25,5.0,7297,3.0,Leisure,20.0,False
91,22,63,Reviewed,2023-07-14,2.8,7676,,,,
92,23,102,Reviewed,2023-03-17,2.9,15660,,,,
93,23,366,Booked,2023-11-23,3.3,4686,5.0,Leisure,0.0,False
94,23,223,Booked,2023-12-05,2.5,10008,3.0,Leisure,1.0,False
95,23,233,Booked,2023-05-16,4.6,4611,3.0,Leisure,0.0,False
96,24,115,Booked,2023-04-16,5.0,9251,4.0,Business,31.0,True
97,24,21,Reviewed,2023-04-21,4.2,30016,,,,
98,24,106,Booked,2023-04-07,4.2,23856,2.0,Family_vacation,21.0,False
99,25,203,Booked,2023-12-29,5.0,19420,7.0,Leisure,15.0,False
100,25,203,Booked,2023-04-23,5.0,38840,4.0,Leisure,22.0,False
101,25,313,Reviewed,2023-07-24,5.0,31296,,,,
102,26,313,Reviewed,2023-10-23,5.0,20864,,,,
103,26,319,Booked,2023-08-25,4.9,7575,2.0,Business,14.0,False
104,26,123,Booked,2023-05-17,3.5,41610,4.0,Business,2.0,False
105,26,155,Booked,2023-07-01,4.2,15184,4.0,Business,9.0,False
106,27,332,Booked,2023-02-20,4.6,33884,6.0,Family_vacation,6.0,False
107,27,135,Booked,2023-04-07,5.0,40230,3.0,Business,0.0,False
108,27,264,Booked,2023-08-10,4.7,8172,6.0,Business,0.0,False
109,27,332,Booked,2023-01-28,5.0,42355,3.0,Business,3.0,False
110,28,312,Reviewed,2023-07-27,4.3,4879,,,,
111,28,121,Booked,2023-04-23,5.0,24834,4.0,Family_vacation,0.0,False
112,28,262,Booked,2023-06-27,3.6,19005,3.0,Family_vacation,0.0,False
113,29,356,Reviewed,2023-12-19,3.9,8652,,,,
114,29,368,Reviewed,2023-12-15,3.6,6754,,,,
115,29,289,Reviewed,2023-06-20,5.0,6662,,,,
116,29,56,Booked,2023-12-08,4.3,10323,1.0,Business,2.0,False
117,30,102,Booked,2023-11-01,3.4,15660,5.0,Business,14.0,False
118,30,281,Booked,2023-08-30,2.6,2836,5.0,Leisure,41.0,False
119,30,223,Reviewed,2023-04-27,3.6,6672,,,,
120,31,385,Reviewed,2023-02-21,2.1,17394,,,,
121,31,151,Booked,2023-08-20,3.7,13086,5.0,Family_vacation,1.0,False
122,31,59,Booked,2023-07-06,3.7,16995,3.0,Family_vacation,6.0,False
123,32,18,Reviewed,2023-11-02,5.0,20799,,,,
124,32,16,Booked,2023-12-18,5.0,5908,2.0,Leisure,0.0,False
125,32,244,Booked,2023-12-04,5.0,23181,4.0,Leisure,6.0,False
126,33,91,Booked,2023-02-15,5.0,27356,6.0,Family_vacation,8.0,False
127,33,15,Booked,2023-11-17,5.0,34788,5.0,Family_vacation,5.0,False
128,33,71,Booked,2023-06-28,5.0,22340,5.0,Family_vacation,26.0,False
129,33,304,Reviewed,2023-04-08,5.0,26790,,,,
130,33,246,Booked,2023-12-26,5.0,32235,1.0,Family_vacation,33.0,False
131,33,103,Reviewed,2023-06-27,5.0,6453,,,,
132,34,178,Reviewed,2023-05-29,5.0,8954,,,,
133,34,146,Reviewed,2023-06-05,4.3,3681,,,,
134,34,60,Booked,2023-05-31,3.5,3482,2.0,Leisure,0.0,False
135,34,209,Booked,2023-09-08,4.0,13140,3.0,Leisure,1.0,True
136,35,347,Booked,2023-05-26,5.0,41115,6.0,Family_vacation,0.0,False
137,35,155,Booked,2023-02-14,4.6,15184,6.0,Business,0.0,False
138,35,203,Booked,2023-02-11,5.0,9710,4.0,Family_vacation,0.0,False
139,36,150,Booked,2023-06-04,5.0,10148,5.0,Business,15.0,False
140,36,16,Booked,2023-10-24,5.0,11816,3.0,Business,21.0,False
141,36,69,Booked,2023-06-04,5.0,14838,5.0,Leisure,8.0,False
142,36,302,Reviewed,2023-07-12,5.0,17072,,,,
143,36,77,Reviewed,2023-02-19,4.7,18396,,,,
144,37,163,Booked,2023-07-03,4.7,17076,4.0,Business,16.0,False
145,37,117,Booked,2023-01-15,4.3,3898,7.0,Business,0.0,False
146,37,258,Reviewed,2023-11-11,4.3,7798,,,,
147,38,313,Booked,2023-05-31,5.0,41728,2.0,Leisure,19.0,True
148,38,107,Reviewed,2023-09-23,5.0,10554,,,,
149,38,107,Booked,2023-02-13,5.0,10554,3.0,Leisure,9.0,False
150,38,107,Booked,2023-12-20,5.0,10554,1.0,Leisure,5.0,False
151,38,107,Booked,2023-01-28,5.0,52770,2.0,Leisure,12.0,False
152,38,313,Reviewed,2023-03-11,5.0,20864,,,,
153,38,313,Booked,2023-06-04,5.0,10432,7.0,Leisure,18.0,False
154,39,233,Reviewed,2023-11-06,5.0,23055,,,,
155,39,16,Booked,2023-02-19,4.9,5908,4.0,Business,6.0,False
156,39,83,Reviewed,2023-07-20,4.6,8829,,,,
157,39,338,Booked,2023-07-27,4.2,8608,7.0,Family_vacation,3.0,False
158,39,17,Booked,2023-05-14,5.0,23716,7.0,Family_vacation,5.0,False
159,39,234,Booked,2023-03-16,5.0,12676,2.0,Family_vacation,5.0,False
160,40,268,Reviewed,2023-05-29,5.0,4319,,,,
161,40,285,Booked,2023-10-29,5.0,15360,4.0,Leisure,15.0,False
162,40,368,Booked,2023-08-26,4.2,13508,2.0,Business,14.0,False
163,41,123,Booked,2023-12-03,5.0,8322,3.0,Leisure,0.0,False
164,41,43,Booked,2023-08-23,5.0,13748,3.0,Business,0.0,False
165,41,123,Booked,2023-04-18,5.0,41610,4.0,Business,2.0,False
166,42,286,Reviewed,2023-03-13,5.0,19974,,,,
167,42,103,Reviewed,2023-07-21,5.0,25812,,,,
168,42,158,Reviewed,2023-07-12,5.0,42030,,,,
169,42,313,Booked,2023-10-22,5.0,52160,7.0,Leisure,3.0,False
170,42,286,Booked,2023-12-24,5.0,33290,3.0,Leisure,0.0,False
171,43,229,Reviewed,2023-09-13,5.0,26780,,,,
172,43,229,Booked,2023-06-15,5.0,13390,1.0,Leisure,2.0,False
173,43,229,Booked,2023-07-16,5.0,26780,1.0,Business,2.0,False
174,44,252,Booked,2023-08-15,4.7,27895,6.0,Family_vacation,16.0,False
175,44,358,Reviewed,2023-06-14,3.6,26592,,,,
176,44,303,Booked,2023-07-13,3.7,33710,5.0,Business,0.0,False
177,44,140,Reviewed,2023-12-14,5.0,11220,,,,
178,44,181,Booked,2023-03-24,5.0,33355,7.0,Family_vacation,7.0,False
179,44,135,Booked,2023-01-13,5.0,8046,2.0,Business,43.0,False
180,44,189,Booked,2023-01-03,3.5,22180,5.0,Business,54.0,True
181,45,303,Reviewed,2023-11-25,4.8,13484,,,,
182,45,255,Reviewed,2023-04-17,4.9,23540,,,,
183,45,43,Reviewed,2023-09-14,5.0,34370,,,,
184,45,240,Booked,2023-02-04,2.7,21628,7.0,Business,0.0,True
185,45,105,Booked,2023-09-22,4.5,5305,4.0,Business,23.0,False
186,46,26,Booked,2023-05-09,4.9,21567,1.0,Family_vacation,32.0,False
187,46,304,Booked,2023-05-28,5.0,26790,2.0,Family_vacation,14.0,False
188,46,341,Reviewed,2023-09-14,5.0,38495,,,,
189,47,388,Booked,2023-08-30,5.0,18375,6.0,Business,0.0,False
190,47,129,Reviewed,2023-05-14,3.1,5056,,,,
191,47,30,Reviewed,2023-03-13,5.0,17793,,,,
192,47,65,Booked,2023-05-01,4.8,36485,5.0,Leisure,0.0,False
193,48,267,Reviewed,2023-08-02,5.0,36405,,,,
194,48,181,Reviewed,2023-02-11,5.0,26684,,,,
195,48,308,Booked,2023-03-08,3.9,4934,1.0,Business,22.0,False
196,48,300,Booked,2023-08-09,3.7,9498,1.0,Family_vacation,3.0,True
197,48,85,Reviewed,2023-04-11,4.3,21696,,,,
198,48,137,Booked,2023-12-16,4.6,6071,5.0,Family_vacation,17.0,False
199,49,121,Booked,2023-10-09,5.0,33112,1.0,Family_vacation,26.0,False
200,49,331,Reviewed,2023-07-08,5.0,30354,,,,
201,49,35,Booked,2023-08-12,5.0,10524,2.0,Business,37.0,True
202,49,35,Booked,2023-10-02,5.0,5262,7.0,Family_vacation,9.0,False
203,49,376,Booked,2023-02-09,3.8,27768,2.0,Family_vacation,40.0,False
204,49,16,Reviewed,2023-11-05,5.0,11816,,,,
205,49,91,Booked,2023-05-30,5.0,27356,4.0,Family_vacation,2.0,False
206,50,236,Booked,2023-10-06,4.0,30156,7.0,Business,19.0,False
207,50,236,Booked,2023-07-07,4.9,30156,7.0,Leisure,14.0,False
208,50,331,Reviewed,2023-05-17,4.2,50590,,,,
209,50,236,Booked,2023-01-28,4.3,40208,6.0,Leisure,3.0,False
210,51,159,Booked,2023-02-10,1.7,10068,7.0,Family_vacation,2.0,False
211,51,240,Reviewed,2023-10-11,1.0,16221,,,,
212,51,136,Reviewed,2023-03-14,1.0,7032,,,,
213,52,100,Booked,2023-08-21,5.0,4501,4.0,Family_vacation,48.0,False
214,52,106,Booked,2023-10-29,4.1,7952,1.0,Family_vacation,7.0,False
215,52,26,Booked,2023-09-11,3.5,28756,4.0,Family_vacation,0.0,False
216,52,242,Booked,2023-04-05,4.5,28150,1.0,Family_vacation,39.0,True
217,52,66,Booked,2023-06-28,5.0,21000,7.0,Family_vacation,1.0,False
218,52,31,Booked,2023-05-15,5.0,35565,2.0,Family_vacation,1.0,False
219,52,40,Booked,2023-11-15,4.2,20444,7.0,Family_vacation,5.0,False
220,53,195,Booked,2023-12-14,5.0,37855,4.0,Business,1.0,False
221,53,183,Booked,2023-09-23,4.4,28676,4.0,Leisure,6.0,False
222,53,260,Booked,2023-03-09,5.0,23919,7.0,Leisure,11.0,False
223,54,260,Booked,2023-01-20,5.0,23919,3.0,Business,21.0,False
224,54,260,Booked,2023-11-08,5.0,23919,5.0,Business,26.0,False
225,54,229,Booked,2023-04-02,4.3,6695,4.0,Business,10.0,True
226,54,195,Booked,2023-09-03,5.0,37855,2.0,Business,21.0,False
227,54,183,Reviewed,2023-02-10,4.4,35845,,,,
228,54,271,Reviewed,2023-10-10,5.0,7234,,,,
229,55,277,Booked,2023-09-11,4.9,12708,2.0,Business,6.0,False
230,55,41,Booked,2023-04-30,4.2,4212,2.0,Business,0.0,False
231,55,328,Booked,2023-10-24,3.0,17360,6.0,Business,6.0,False
232,56,60,Reviewed,2023-06-30,3.7,3482,,,,
233,56,160,Reviewed,2023-11-04,2.4,3800,,,,
234,56,398,Booked,2023-02-09,4.8,4129,5.0,Leisure,0.0,False
235,57,362,Booked,2023-08-07,4.9,6662,1.0,Leisure,0.0,False
236,57,299,Reviewed,2023-06-21,5.0,10650,,,,
237,57,299,Booked,2023-08-29,5.0,10650,5.0,Business,1.0,False
238,57,60,Booked,2023-03-18,5.0,3482,1.0,Leisure,3.0,False
239,57,146,Booked,2023-09-19,4.7,18405,7.0,Leisure,0.0,False
240,57,56,Booked,2023-04-21,4.1,17205,1.0,Leisure,0.0,False
241,58,176,Reviewed,2023-04-25,5.0,41450,,,,
242,58,98,Booked,2023-11-19,5.0,36188,5.0,Leisure,1.0,False
243,58,98,Booked,2023-09-28,5.0,45235,4.0,Leisure,4.0,False
244,59,215,Booked,2023-05-05,4.5,12057,2.0,Leisure,10.0,False
245,59,68,Booked,2023-03-01,5.0,23400,6.0,Leisure,11.0,False
246,59,104,Booked,2023-02-10,3.4,19970,1.0,Leisure,11.0,False
247,59,146,Reviewed,2023-08-18,4.1,7362,,,,
248,59,154,Booked,2023-10-19,5.0,12756,5.0,Business,4.0,False
249,60,27,Booked,2023-05-27,5.0,6706,1.0,Leisure,0.0,False
250,60,384,Booked,2023-03-17,3.7,7660,2.0,Leisure,1.0,True
251,60,5,Booked,2023-03-03,5.0,24920,6.0,Leisure,14.0,False
252,61,5,Booked,2023-12-20,5.0,4984,2.0,Leisure,6.0,False
253,61,100,Reviewed,2023-07-18,5.0,13503,,,,
254,61,288,Booked,2023-03-07,3.4,15610,2.0,Leisure,22.0,False
255,62,204,Booked,2023-01-24,4.8,22641,4.0,Leisure,2.0,False
256,62,271,Reviewed,2023-08-12,5.0,28936,,,,
257,62,271,Booked,2023-12-25,4.9,14468,6.0,Business,1.0,False
258,62,229,Reviewed,2023-03-19,5.0,33475,,,,
259,63,219,Booked,2023-06-14,3.5,18445,6.0,Leisure,4.0,False
260,63,238,Booked,2023-02-19,4.4,14876,3.0,Business,13.0,False
261,63,258,Reviewed,2023-09-26,3.7,15596,,,,
262,64,211,Reviewed,2023-04-18,5.0,23709,,,,
263,64,246,Reviewed,2023-10-22,5.0,19341,,,,
264,64,392,Booked,2023-02-20,5.0,14892,1.0,Business,62.0,False
265,65,286,Booked,2023-05-13,5.0,6658,2.0,Leisure,0.0,False
266,65,176,Reviewed,2023-04-16,5.0,41450,,,,
267,65,183,Booked,2023-03-28,4.0,7169,5.0,Leisure,1.0,False
268,65,380,Booked,2023-01-14,5.0,28323,5.0,Leisure,0.0,False
269,65,91,Booked,2023-03-06,5.0,20517,1.0,Leisure,4.0,False
270,65,214,Booked,2023-03-03,5.0,32032,4.0,Leisure,1.0,False
271,65,286,Booked,2023-05-23,5.0,6658,3.0,Leisure,2.0,False
272,66,111,Reviewed,2023-03-22,4.3,14145,,,,
273,66,243,Booked,2023-08-21,5.0,41140,6.0,Family_vacation,1.0,False
274,66,162,Booked,2023-06-11,4.9,5568,4.0,Family_vacation,0.0,False
275,67,248,Reviewed,2023-11-17,3.6,5164,,,,
276,67,269,Reviewed,2023-05-06,4.5,20824,,,,
277,67,290,Booked,2023-04-23,5.0,14574,4.0,Business,3.0,False
278,68,293,Booked,2023-09-12,2.0,12998,6.0,Family_vacation,7.0,False
279,68,293,Booked,2023-04-20,1.5,6499,4.0,Family_vacation,9.0,False
280,68,385,Booked,2023-04-02,1.0,17394,5.0,Family_vacation,8.0,False
281,69,107,Booked,2023-06-03,5.0,31662,6.0,Leisure,16.0,False
282,69,98,Booked,2023-07-20,5.0,45235,4.0,Business,3.0,False
283,69,266,Reviewed,2023-05-28,5.0,36332,,,,
284,69,91,Reviewed,2023-05-07,5.0,6839,,,,
285,69,115,Reviewed,2023-04-01,5.0,27753,,,,
286,69,266,Reviewed,2023-12-05,5.0,36332,,,,
287,70,349,Reviewed,2023-09-05,4.3,31644,,,,
288,70,57,Booked,2023-11-04,5.0,16338,1.0,Business,20.0,False
289,70,204,Booked,2023-07-29,4.6,22641,3.0,Family_vacation,22.0,False
290,70,211,Booked,2023-08-06,3.0,7903,3.0,Family_vacation,0.0,False
291,70,115,Booked,2023-11-22,5.0,27753,4.0,Business,31.0,False
292,70,211,Booked,2023-03-27,3.3,7903,5.0,Family_vacation,12.0,False
293,70,379,Booked,2023-10-04,3.0,7552,7.0,Business,15.0,False
294,71,376,Booked,2023-02-02,4.7,34710,2.0,Business,87.0,False
295,71,103,Reviewed,2023-03-22,5.0,25812,,,,
296,71,15,Booked,2023-04-28,5.0,17394,3.0,Business,57.0,False
297,71,337,Booked,2023-01-07,4.4,7280,7.0,Family_vacation,45.0,False
298,71,71,Booked,2023-07-23,5.0,5585,2.0,Business,10.0,True
299,72,16,Reviewed,2023-03-05,5.0,23632,,,,
300,72,280,Booked,2023-12-02,4.6,17943,7.0,Leisure,30.0,True
301,72,138,Booked,2023-12-27,5.0,18920,1.0,Business,15.0,False
302,72,244,Booked,2023-02-18,5.0,30908,2.0,Leisure,11.0,False
303,72,205,Booked,2023-06-15,4.7,6205,3.0,Leisure,19.0,False
304,73,362,Booked,2023-02-17,3.9,13324,5.0,Business,16.0,False
305,73,280,Booked,2023-12-26,5.0,11962,4.0,Business,8.0,False
306,73,339,Booked,2023-07-21,5.0,26900,6.0,Business,0.0,False
307,74,340,Booked,2023-04-29,5.0,22148,5.0,Business,2.0,False
308,74,400,Reviewed,2023-03-15,5.0,6698,,,,
309,74,359,Booked,2023-02-18,3.8,15636,7.0,Family_vacation,1.0,False
310,74,108,Booked,2023-03-14,5.0,26116,5.0,Family_vacation,10.0,False
311,75,70,Reviewed,2023-06-22,5.0,9234,,,,
312,75,313,Reviewed,2023-06-14,5.0,52160,,,,
313,75,98,Reviewed,2023-07-28,5.0,27141,,,,
314,75,236,Reviewed,2023-10-15,5.0,50260,,,,
315,75,344,Booked,2023-09-13,5.0,13162,3.0,Leisure,2.0,False
316,76,313,Reviewed,2023-02-23,5.0,10432,,,,
317,76,203,Booked,2023-07-12,5.0,9710,2.0,Leisure,4.0,False
318,76,203,Booked,2023-04-12,5.0,9710,1.0,Leisure,1.0,False
319,76,107,Reviewed,2023-03-13,5.0,52770,,,,
320,76,107,Booked,2023-08-03,5.0,31662,1.0,Business,0.0,False
321,76,353,Booked,2023-12-13,5.0,29751,5.0,Leisure,2.0,False
322,76,203,Reviewed,2023-03-26,5.0,48550,,,,
323,77,313,Booked,2023-07-10,5.0,31296,4.0,Leisure,0.0,False
324,77,313,Reviewed,2023-03-11,5.0,41728,,,,
325,77,313,Booked,2023-01-06,5.0,20864,2.0,Leisure,0.0,False
326,77,107,Reviewed,2023-06-09,5.0,21108,,,,
327,78,247,Booked,2023-02-01,5.0,26085,2.0,Business,4.0,False
328,78,19,Booked,2023-04-26,3.4,3927,2.0,Leisure,11.0,False
329,78,171,Reviewed,2023-08-07,3.7,10329,,,,
330,79,147,Reviewed,2023-10-15,3.3,6204,,,,
331,79,171,Booked,2023-02-09,3.7,3443,6.0,Business,21.0,False
332,79,209,Reviewed,2023-10-16,3.0,16425,,,,
333,79,328,Booked,2023-06-19,3.3,17360,5.0,Business,15.0,False
334,79,20,Booked,2023-11-12,3.1,14428,2.0,Business,4.0,False
335,79,299,Booked,2023-04-21,2.9,17750,2.0,Business,0.0,False
336,79,393,Booked,2023-01-01,3.3,3789,2.0,Leisure,1.0,False
337,80,354,Booked,2023-03-02,5.0,18664,4.0,Family_vacation,13.0,False
338,80,311,Reviewed,2023-07-01,5.0,31970,,,,
339,80,347,Booked,2023-06-12,5.0,41115,7.0,Family_vacation,16.0,False
340,80,30,Reviewed,2023-12-31,5.0,23724,,,,
341,80,35,Reviewed,2023-10-14,5.0,15786,,,,
342,80,106,Reviewed,2023-12-17,4.5,31808,,,,
343,81,393,Reviewed,2023-12-10,4.1,15156,,,,
344,81,309,Booked,2023-04-20,4.0,6170,4.0,Leisure,14.0,False
345,81,187,Booked,2023-01-06,4.0,15225,5.0,Leisure,16.0,False
346,81,111,Booked,2023-02-18,5.0,14145,5.0,Leisure,7.0,False
347,81,269,Booked,2023-01-18,5.0,20824,4.0,Business,30.0,False
348,81,131,Reviewed,2023-05-10,5.0,4881,,,,
349,82,103,Booked,2023-08-30,5.0,25812,4.0,Business,0.0,False
350,82,392,Booked,2023-11-28,5.0,7446,1.0,Leisure,3.0,False
351,82,349,Reviewed,2024-01-01,4.2,15822,,,,
352,82,229,Reviewed,2023-02-12,4.1,6695,,,,
353,82,290,Booked,2023-01-29,4.7,4858,3.0,Business,0.0,False
354,83,336,Booked,2023-01-09,4.5,13218,6.0,Leisure,2.0,False
355,83,218,Booked,2023-07-07,5.0,27440,4.0,Leisure,0.0,False
356,83,68,Reviewed,2023-02-03,4.3,29250,,,,
357,84,33,Booked,2023-11-08,5.0,34000,4.0,Business,12.0,False
358,84,122,Booked,2023-01-02,5.0,31625,3.0,Business,19.0,False
359,84,289,Booked,2023-12-23,3.7,13324,1.0,Business,53.0,False
360,85,347,Booked,2023-03-28,5.0,16446,6.0,Leisure,0.0,False
361,85,344,Booked,2023-05-07,5.0,13162,6.0,Leisure,5.0,False
362,85,295,Booked,2023-01-28,4.9,23169,2.0,Business,3.0,False
363,86,137,Reviewed,2023-05-20,4.9,12142,,,,
364,86,347,Booked,2023-06-01,4.9,32892,3.0,Business,1.0,False
365,86,304,Booked,2023-07-06,5.0,26790,4.0,Family_vacation,6.0,False
366,87,214,Booked,2023-10-27,4.5,40040,5.0,Family_vacation,22.0,False
367,87,71,Booked,2023-06-27,4.5,16755,2.0,Family_vacation,42.0,False
368,87,35,Booked,2023-10-10,5.0,15786,1.0,Family_vacation,0.0,False
369,87,236,Booked,2023-08-28,4.3,10052,5.0,Family_vacation,1.0,False
370,87,228,Booked,2023-03-13,5.0,23883,3.0,Family_vacation,12.0,False
371,88,191,Booked,2023-07-03,5.0,6861,2.0,Leisure,3.0,False
372,88,266,Booked,2023-11-28,5.0,18166,3.0,Leisure,17.0,False
373,88,46,Booked,2023-04-06,5.0,27092,7.0,Leisure,29.0,False
374,88,214,Reviewed,2023-07-24,5.0,16016,,,,
375,88,218,Booked,2023-05-10,5.0,34300,3.0,Leisure,8.0,False
376,88,332,Booked,2023-01-21,5.0,16942,7.0,Leisure,11.0,False
377,88,228,Booked,2023-02-25,5.0,23883,5.0,Leisure,1.0,True
378,89,381,Booked,2023-12-24,4.3,6682,5.0,Leisure,15.0,False
379,89,92,Booked,2023-06-20,3.7,3746,1.0,Business,4.0,False
380,89,251,Reviewed,2023-06-27,3.1,7496,,,,
381,90,168,Booked,2023-06-07,5.0,14678,7.0,Leisure,0.0,False
382,90,285,Booked,2023-05-06,5.0,25600,7.0,Leisure,7.0,True
383,90,290,Booked,2023-03-23,5.0,19432,5.0,Leisure,0.0,False
384,90,330,Booked,2023-12-09,5.0,18420,6.0,Leisure,2.0,False
385,90,226,Booked,2023-07-18,5.0,8932,4.0,Leisure,1.0,False
386,90,295,Booked,2023-12-12,5.0,30892,5.0,Leisure,4.0,True
387,90,322,Reviewed,2023-09-08,5.0,24025,,,,
388,91,145,Reviewed,2023-05-01,3.0,11259,,,,
389,91,393,Reviewed,2023-09-14,4.1,18945,,,,
390,91,381,Booked,2023-11-03,4.0,3341,6.0,Leisure,5.0,False
391,92,81,Reviewed,2023-04-03,5.0,13509,,,,
392,92,17,Booked,2023-06-09,5.0,23716,1.0,Leisure,1.0,False
393,92,87,Booked,2023-04-02,5.0,36075,7.0,Leisure,1.0,False
394,93,247,Reviewed,2023-07-27,5.0,5217,,,,
395,93,48,Booked,2023-03-24,4.5,23745,5.0,Leisure,0.0,False
396,93,92,Booked,2023-09-06,3.4,14984,4.0,Leisure,5.0,False
397,94,123,Reviewed,2023-08-19,5.0,33288,,,,
398,94,140,Reviewed,2023-12-31,5.0,28050,,,,
399,94,226,Booked,2023-07-06,5.0,8932,4.0,Leisure,0.0,False
400,94,280,Reviewed,2023-03-18,5.0,29905,,,,
401,95,15,Reviewed,2023-11-11,5.0,34788,,,,
402,95,319,Booked,2023-08-11,3.5,22725,1.0,Business,0.0,False
403,95,83,Booked,2023-07-07,4.6,44145,6.0,Family_vacation,21.0,False
404,95,195,Booked,2023-01-13,5.0,15142,3.0,Family_vacation,26.0,True
405,95,365,Reviewed,2023-06-16,5.0,9176,,,,
406,95,204,Booked,2023-11-02,4.7,7547,5.0,Family_vacation,0.0,False
407,96,30,Booked,2023-11-21,5.0,17793,3.0,Family_vacation,5.0,False
408,96,332,Booked,2023-05-05,5.0,42355,5.0,Family_vacation,0.0,True
409,96,26,Booked,2023-07-10,4.4,35945,6.0,Family_vacation,0.0,False
410,96,172,Booked,2023-09-20,5.0,5788,3.0,Family_vacation,1.0,False
411,96,130,Booked,2023-08-05,5.0,15140,6.0,Family_vacation,1.0,False
412,96,30,Booked,2023-02-10,5.0,23724,1.0,Family_vacation,0.0,False
413,96,254,Booked,2023-06-05,5.0,32120,7.0,Family_vacation,9.0,False
414,97,65,Booked,2023-08-12,4.4,14594,3.0,Leisure,52.0,True
415,97,246,Booked,2023-07-24,5.0,19341,3.0,Business,43.0,False
416,97,228,Reviewed,2023-08-01,5.0,23883,,,,
417,98,71,Booked,2023-04-24,5.0,16755,2.0,Business,0.0,False
418,98,335,Booked,2023-12-31,5.0,20400,5.0,Leisure,1.0,False
419,98,384,Reviewed,2023-10-05,4.1,19150,,,,
420,99,288,Booked,2023-08-16,3.0,12488,2.0,Leisure,0.0,False
421,99,366,Booked,2023-07-19,4.4,4686,6.0,Leisure,3.0,False
422,99,138,Reviewed,2023-11-20,4.8,14190,,,,
423,99,151,Booked,2023-04-17,5.0,21810,3.0,Leisure,0.0,False
424,100,76,Reviewed,2023-03-21,5.0,10924,,,,
425,100,228,Booked,2023-11-16,5.0,31844,4.0,Family_vacation,31.0,True
426,100,57,Booked,2023-05-26,5.0,32676,2.0,Family_vacation,11.0,False
427,100,76,Booked,2023-11-07,5.0,5462,1.0,Family_vacation,12.0,False
428,100,173,Booked,2023-02-26,5.0,15826,7.0,Business,7.0,False
429,100,115,Booked,2023-07-25,5.0,27753,7.0,Business,69.0,False
430,100,120,Booked,2023-05-23,4.0,20757,6.0,Business,5.0,False
431,101,36,Booked,2023-06-12,4.7,31150,4.0,Family_vacation,0.0,False
432,101,382,Reviewed,2023-08-26,3.4,26076,,,,
433,101,105,Booked,2023-03-22,4.4,10610,4.0,Family_vacation,0.0,False
434,102,163,Booked,2023-07-16,5.0,17076,4.0,Leisure,19.0,False
435,102,163,Booked,2023-11-13,5.0,21345,5.0,Leisure,20.0,False
436,102,163,Booked,2023-10-20,5.0,4269,3.0,Leisure,6.0,False
437,102,368,Booked,2023-12-17,3.7,10131,1.0,Leisure,2.0,False
438,102,34,Booked,2023-12-01,4.9,22640,7.0,Leisure,2.0,False
439,102,117,Booked,2023-08-23,4.1,7796,2.0,Leisure,1.0,False
440,102,34,Reviewed,2023-04-13,4.8,13584,,,,
441,103,313,Booked,2023-12-17,5.0,20864,7.0,Business,4.0,False
442,103,313,Booked,2023-11-25,5.0,52160,7.0,Leisure,6.0,False
443,103,313,Booked,2023-03-23,5.0,10432,1.0,Leisure,0.0,False
444,104,260,Booked,2023-08-02,5.0,39865,1.0,Leisure,8.0,False
445,104,183,Booked,2023-10-01,5.0,28676,4.0,Leisure,0.0,True
446,104,195,Booked,2023-07-23,5.0,7571,3.0,Business,3.0,False
447,104,260,Booked,2023-08-08,5.0,7973,2.0,Leisure,5.0,False
448,104,195,Booked,2023-10-24,5.0,7571,6.0,Business,2.0,False
449,104,183,Reviewed,2023-06-23,4.2,14338,,,,
450,104,195,Booked,2023-09-05,5.0,7571,3.0,Leisure,5.0,True
451,105,347,Booked,2023-05-14,5.0,32892,3.0,Family_vacation,6.0,False
452,105,311,Booked,2023-10-18,5.0,6394,7.0,Family_vacation,40.0,False
453,105,313,Reviewed,2023-01-14,5.0,31296,,,,
454,106,313,Booked,2023-10-18,5.0,41728,6.0,Business,0.0,False
455,106,331,Reviewed,2023-12-22,5.0,50590,,,,
456,106,236,Booked,2023-05-30,5.0,30156,6.0,Business,1.0,False
457,106,236,Reviewed,2023-03-17,5.0,30156,,,,
458,106,313,Booked,2023-07-06,5.0,52160,4.0,Leisure,1.0,False
459,106,236,Reviewed,2023-06-26,5.0,50260,,,,
460,107,238,Reviewed,2023-09-06,5.0,18595,,,,
461,107,202,Booked,2023-09-04,3.1,15720,1.0,Leisure,0.0,True
462,107,393,Reviewed,2023-04-26,3.3,7578,,,,
463,107,41,Reviewed,2023-05-23,5.0,4212,,,,
464,107,297,Booked,2023-11-29,4.3,17224,4.0,Leisure,1.0,False
465,108,212,Reviewed,2023-04-27,5.0,27873,,,,
466,108,46,Booked,2023-12-07,3.8,6773,3.0,Business,11.0,False
467,108,253,Reviewed,2023-10-01,5.0,36050,,,,
468,108,341,Booked,2023-01-29,4.9,38495,2.0,Business,0.0,False
469,109,71,Booked,2023-04-27,5.0,22340,2.0,Family_vacation,0.0,False
470,109,122,Booked,2023-10-10,5.0,12650,6.0,Family_vacation,0.0,True
471,109,140,Reviewed,2023-03-09,5.0,5610,,,,
472,109,71,Reviewed,2023-04-27,4.7,27925,,,,
473,109,241,Reviewed,2023-09-02,5.0,27325,,,,
474,110,389,Booked,2023-02-07,4.8,5199,4.0,Business,0.0,False
475,110,30,Reviewed,2023-10-05,5.0,29655,,,,
476,110,26,Booked,2023-09-07,4.5,7189,5.0,Leisure,1.0,False
477,110,93,Reviewed,2023-11-26,2.3,18080,,,,
478,110,171,Booked,2023-08-22,4.4,10329,7.0,Leisure,1.0,False
479,110,71,Reviewed,2023-11-20,4.3,27925,,,,
480,110,136,Booked,2023-09-05,3.6,10548,3.0,Leisure,2.0,False
481,111,332,Booked,2023-08-14,5.0,16942,4.0,Business,2.0,False
482,111,115,Reviewed,2023-09-18,5.0,18502,,,,
483,111,341,Booked,2023-04-02,5.0,30796,6.0,Business,4.0,False
484,111,70,Booked,2023-06-25,5.0,46170,7.0,Business,5.0,False
485,111,313,Booked,2023-04-29,5.0,52160,3.0,Business,9.0,False
486,111,106,Booked,2023-02-22,5.0,39760,2.0,Business,2.0,False
487,111,212,Booked,2023-03-22,5.0,37164,7.0,Business,2.0,False
488,112,178,Reviewed,2023-11-01,5.0,13431,,,,
489,112,241,Booked,2023-04-28,5.0,21860,7.0,Leisure,7.0,False
490,112,178,Booked,2023-06-06,5.0,13431,7.0,Leisure,0.0,False
491,112,290,Booked,2023-10-16,5.0,19432,1.0,Leisure,4.0,False
492,112,180,Booked,2023-07-29,5.0,11034,4.0,Leisure,1.0,True
493,112,178,Reviewed,2023-12-27,5.0,13431,,,,
494,112,121,Reviewed,2023-05-31,5.0,8278,,,,
495,113,122,Reviewed,2023-10-14,5.0,12650,,,,
496,113,249,Booked,2023-11-13,4.8,24753,1.0,Business,9.0,False
497,113,199,Booked,2023-09-03,5.0,32975,4.0,Leisure,3.0,False
498,113,235,Booked,2023-12-19,5.0,19020,2.0,Leisure,5.0,False
499,113,205,Booked,2023-07-12,4.1,6205,6.0,Leisure,5.0,False
500,113,201,Booked,2023-08-13,5.0,7203,4.0,Leisure,1.0,False
501,113,48,Reviewed,2023-06-16,5.0,18996,,,,
502,114,127,Reviewed,2023-10-21,5.0,6638,,,,
503,114,142,Reviewed,2023-08-13,3.3,34405,,,,
504,114,183,Booked,2023-10-07,5.0,21507,5.0,Leisure,2.0,False
505,114,326,Reviewed,2023-03-13,3.2,6141,,,,
506,115,343,Booked,2023-07-04,4.4,34036,6.0,Leisure,87.0,False
507,115,319,Booked,2023-08-28,2.6,22725,3.0,Business,4.0,False
508,115,203,Booked,2023-05-13,3.8,9710,2.0,Business,13.0,False
509,116,263,Booked,2023-09-28,5.0,33555,3.0,Business,14.0,False
510,116,91,Reviewed,2023-01-17,5.0,20517,,,,
511,116,108,Reviewed,2023-10-03,5.0,32645,,,,
512,117,253,Booked,2023-06-20,3.0,7210,5.0,Business,3.0,False
513,117,309,Booked,2023-02-27,1.7,15425,7.0,Family_vacation,0.0,False
514,117,94,Booked,2023-08-28,1.9,10858,7.0,Business,6.0,False
515,117,357,Reviewed,2023-08-27,1.0,10124,,,,
516,117,117,Booked,2023-11-30,1.4,7796,6.0,Family_vacation,1.0,False
517,117,94,Booked,2023-12-21,2.1,21716,1.0,Family_vacation,1.0,False
518,118,186,Booked,2023-06-15,4.7,15432,7.0,Leisure,0.0,False
519,118,345,Booked,2023-06-17,5.0,11306,7.0,Leisure,40.0,False
520,118,100,Booked,2023-10-23,4.2,9002,2.0,Leisure,0.0,False
521,118,50,Booked,2023-03-07,4.9,4794,3.0,Leisure,35.0,False
522,119,289,Booked,2023-05-19,3.2,6662,7.0,Leisure,3.0,False
523,119,136,Booked,2023-08-14,3.0,14064,1.0,Leisure,4.0,False
524,119,288,Reviewed,2023-04-17,3.4,12488,,,,
525,119,136,Booked,2023-07-24,3.1,14064,5.0,Leisure,36.0,False
526,119,393,Reviewed,2023-03-31,3.6,18945,,,,
527,119,10,Booked,2023-09-22,3.0,7926,1.0,Leisure,0.0,False
528,119,272,Booked,2023-07-03,4.0,9855,4.0,Business,19.0,False
529,120,299,Booked,2023-02-27,4.3,3550,1.0,Leisure,3.0,False
530,120,360,Reviewed,2023-02-21,3.4,10473,,,,
531,120,381,Reviewed,2023-02-03,3.5,10023,,,,
532,121,11,Booked,2023-07-19,3.8,3121,3.0,Leisure,22.0,False
533,121,171,Booked,2023-01-24,3.0,6886,2.0,Leisure,12.0,False
534,121,288,Reviewed,2023-03-21,3.0,12488,,,,
535,121,104,Reviewed,2023-02-01,3.8,7988,,,,
536,122,294,Reviewed,2023-08-01,4.1,13188,,,,
537,122,372,Booked,2023-03-30,3.1,19325,2.0,Leisure,20.0,False
538,122,167,Booked,2023-04-03,3.0,3176,7.0,Leisure,8.0,False
539,122,117,Reviewed,2023-07-26,3.8,11694,,,,
540,122,222,Reviewed,2023-11-15,3.3,3346,,,,
541,122,373,Booked,2023-06-19,2.8,14584,1.0,Leisure,5.0,False
542,123,51,Booked,2023-09-26,2.7,3300,1.0,Leisure,1.0,False
543,123,294,Booked,2023-08-03,4.4,3297,4.0,Leisure,0.0,False
544,123,104,Reviewed,2023-10-02,3.5,19970,,,,
545,123,56,Booked,2023-06-09,3.6,10323,2.0,Business,1.0,False
546,124,47,Booked,2023-10-20,3.1,7558,5.0,Business,1.0,False
547,124,117,Booked,2023-04-26,3.9,3898,6.0,Business,59.0,False
548,124,219,Booked,2023-02-23,3.2,11067,2.0,Leisure,11.0,False
549,125,180,Reviewed,2023-09-22,4.9,16551,,,,
550,125,259,Booked,2023-03-09,5.0,28083,6.0,Business,2.0,False
551,125,255,Reviewed,2023-01-18,5.0,23540,,,,
552,126,236,Reviewed,2023-01-08,5.0,10052,,,,
553,126,70,Booked,2023-05-02,5.0,27702,1.0,Family_vacation,0.0,False
554,126,264,Booked,2023-06-26,5.0,40860,4.0,Family_vacation,0.0,False
555,127,91,Booked,2023-09-21,5.0,20517,2.0,Business,33.0,False
556,127,322,Reviewed,2023-09-07,5.0,19220,,,,
557,127,341,Booked,2023-12-06,5.0,23097,7.0,Leisure,2.0,True
558,127,304,Reviewed,2023-08-07,5.0,26790,,,,
559,127,264,Booked,2023-03-06,5.0,32688,7.0,Business,2.0,False
560,127,7,Reviewed,2023-06-01,5.0,24966,,,,
561,128,334,Reviewed,2023-02-12,5.0,26520,,,,
562,128,36,Reviewed,2023-04-04,5.0,31150,,,,
563,128,259,Reviewed,2023-04-10,5.0,18722,,,,
564,129,98,Booked,2023-03-19,5.0,45235,5.0,Business,62.0,False
565,129,18,Reviewed,2023-10-04,5.0,34665,,,,
566,129,87,Booked,2023-03-27,5.0,7215,6.0,Business,41.0,False
567,130,56,Reviewed,2023-11-09,4.2,6882,,,,
568,130,209,Reviewed,2023-05-23,3.2,13140,,,,
569,130,262,Booked,2023-06-01,4.1,19005,4.0,Leisure,35.0,False
570,130,111,Reviewed,2023-06-03,4.0,14145,,,,
571,130,35,Booked,2023-12-29,5.0,15786,2.0,Leisure,11.0,False
572,131,184,Booked,2023-07-30,4.8,28728,7.0,Business,7.0,False
573,131,304,Reviewed,2023-05-05,5.0,10716,,,,
574,131,302,Reviewed,2023-11-27,3.6,21340,,,,
575,132,204,Booked,2023-02-06,4.9,22641,2.0,Family_vacation,51.0,False
576,132,319,Booked,2023-10-27,5.0,15150,2.0,Business,6.0,False
577,132,375,Reviewed,2023-06-17,3.5,8045,,,,
578,133,171,Booked,2023-11-03,3.6,13772,3.0,Leisure,1.0,False
579,133,384,Booked,2023-11-09,3.5,3830,7.0,Leisure,0.0,False
580,133,384,Booked,2023-05-20,4.3,3830,4.0,Leisure,0.0,False
581,133,364,Booked,2023-08-07,3.7,13456,7.0,Business,2.0,False
582,133,60,Booked,2023-02-15,4.4,17410,5.0,Leisure,0.0,False
583,133,393,Reviewed,2023-12-07,3.6,15156,,,,
584,133,136,Booked,2023-08-04,2.9,3516,7.0,Leisure,2.0,False
585,134,236,Booked,2023-05-22,3.4,50260,3.0,Business,1.0,False
586,134,157,Reviewed,2023-07-02,1.2,6362,,,,
587,134,203,Reviewed,2024-01-01,2.4,19420,,,,
588,134,133,Reviewed,2023-04-24,1.8,16386,,,,
589,134,365,Booked,2023-02-23,2.7,36704,5.0,Family_vacation,2.0,False
590,134,85,Booked,2023-11-07,1.5,21696,1.0,Family_vacation,0.0,False
591,134,157,Booked,2023-11-26,2.6,31810,1.0,Business,0.0,False
592,135,133,Booked,2023-08-04,5.0,5462,3.0,Leisure,7.0,False
593,135,269,Booked,2023-08-24,4.4,26030,1.0,Leisure,33.0,False
594,135,194,Reviewed,2023-11-18,3.6,14044,,,,
595,135,156,Booked,2023-04-21,3.7,5171,6.0,Leisure,39.0,False
596,136,287,Reviewed,2023-08-22,4.3,17964,,,,
597,136,355,Booked,2023-07-03,3.3,18960,3.0,Family_vacation,0.0,False
598,136,286,Booked,2023-08-17,5.0,19974,4.0,Family_vacation,3.0,False
599,136,126,Booked,2023-04-18,4.8,28870,6.0,Family_vacation,1.0,False
600,136,107,Reviewed,2023-06-28,5.0,21108,,,,
601,137,226,Booked,2023-11-12,4.9,8932,3.0,Leisure,1.0,False
602,137,84,Reviewed,2023-02-16,3.8,11565,,,,
603,137,48,Reviewed,2023-11-15,4.8,9498,,,,
604,137,129,Booked,2023-04-14,3.2,20224,3.0,Leisure,3.0,False
605,137,138,Reviewed,2023-07-05,5.0,9460,,,,
606,137,29,Booked,2023-06-15,2.4,6420,5.0,Leisure,11.0,False
607,137,287,Reviewed,2023-11-25,4.9,29940,,,,
608,138,198,Reviewed,2023-12-23,4.7,8279,,,,
609,138,332,Booked,2023-02-16,5.0,33884,7.0,Business,6.0,False
610,138,332,Booked,2023-09-30,5.0,16942,4.0,Business,3.0,False
611,138,375,Booked,2023-11-11,4.4,8045,3.0,Family_vacation,0.0,False
612,138,57,Reviewed,2023-01-21,4.9,16338,,,,
613,138,83,Booked,2023-12-08,5.0,8829,4.0,Business,5.0,False
614,139,5,Booked,2023-04-21,5.0,14952,2.0,Leisure,10.0,False
615,139,28,Reviewed,2023-09-05,5.0,24392,,,,
616,139,4,Booked,2023-10-12,4.9,30590,2.0,Leisure,12.0,False
617,140,100,Reviewed,2023-07-18,5.0,13503,,,,
618,140,91,Booked,2023-05-15,5.0,20517,2.0,Leisure,16.0,False
619,140,310,Reviewed,2023-12-21,5.0,13896,,,,
620,141,382,Booked,2023-09-17,5.0,32595,3.0,Business,23.0,False
621,141,213,Reviewed,2023-04-27,5.0,35510,,,,
622,141,114,Booked,2023-04-25,5.0,33235,7.0,Business,6.0,False
623,141,370,Reviewed,2023-10-30,5.0,14476,,,,
624,141,74,Booked,2023-01-12,4.9,29345,6.0,Business,3.0,False
625,141,265,Booked,2023-12-28,3.7,15078,1.0,Leisure,2.0,False
626,141,369,Reviewed,2023-05-10,5.0,5905,,,,
627,142,345,Booked,2024-01-01,1.8,22612,6.0,Family_vacation,3.0,False
628,142,345,Booked,2023-07-22,1.2,22612,3.0,Business,2.0,False
629,142,345,Booked,2023-06-19,1.2,28265,4.0,Business,6.0,False
630,142,64,Booked,2023-01-04,2.6,5954,6.0,Family_vacation,0.0,False
631,142,64,Booked,2023-02-06,2.0,29770,4.0,Family_vacation,0.0,False
632,142,172,Booked,2023-05-08,3.0,11576,7.0,Business,2.0,False
633,143,43,Booked,2023-07-26,5.0,27496,7.0,Leisure,4.0,False
634,143,382,Reviewed,2023-03-12,5.0,13038,,,,
635,143,53,Booked,2023-02-19,4.5,14244,6.0,Leisure,3.0,False
636,143,286,Reviewed,2023-04-05,5.0,13316,,,,
637,144,88,Reviewed,2023-06-23,4.7,4347,,,,
638,144,225,Booked,2023-09-26,2.8,18745,1.0,Leisure,1.0,True
639,144,338,Booked,2023-07-11,4.2,4304,5.0,Business,0.0,False
640,145,45,Booked,2023-10-18,5.0,8158,2.0,Business,0.0,False
641,145,174,Booked,2023-04-04,5.0,28290,1.0,Family_vacation,1.0,False
642,145,375,Booked,2023-11-04,4.1,16090,4.0,Family_vacation,3.0,False
643,145,198,Booked,2023-09-17,4.8,33116,1.0,Family_vacation,1.0,False
644,145,331,Reviewed,2023-03-03,5.0,30354,,,,
645,146,193,Booked,2023-10-30,3.6,3832,4.0,Business,6.0,False
646,146,386,Booked,2023-11-10,3.9,11780,6.0,Leisure,12.0,False
647,146,136,Booked,2023-08-18,4.3,17580,1.0,Business,2.0,False
648,147,168,Booked,2023-07-03,5.0,29356,7.0,Leisure,0.0,False
649,147,211,Booked,2023-10-30,4.6,39515,1.0,Business,0.0,False
650,147,123,Booked,2023-09-27,5.0,41610,5.0,Business,0.0,False
651,147,57,Booked,2023-05-25,5.0,32676,7.0,Business,3.0,False
652,147,316,Booked,2023-08-07,5.0,32304,1.0,Business,9.0,False
653,148,233,Booked,2023-05-28,5.0,4611,5.0,Leisure,0.0,False
654,148,289,Booked,2023-02-15,3.3,16655,6.0,Leisure,2.0,False
655,148,193,Reviewed,2023-11-25,3.3,3832,,,,
656,149,339,Reviewed,2023-10-03,5.0,21520,,,,
657,149,70,Booked,2023-09-18,5.0,18468,5.0,Leisure,17.0,False
658,149,212,Booked,2023-04-20,5.0,18582,2.0,Leisure,24.0,True
659,150,213,Booked,2023-01-08,5.0,28408,2.0,Leisure,13.0,False
660,150,102,Reviewed,2023-05-29,2.8,7830,,,,
661,150,345,Booked,2023-12-04,5.0,16959,2.0,Leisure,15.0,False
662,150,333,Booked,2023-07-25,5.0,13672,5.0,Leisure,1.0,False
663,150,364,Booked,2023-08-05,3.9,10092,2.0,Leisure,57.0,False
664,150,175,Booked,2023-05-20,5.0,5562,4.0,Leisure,28.0,False
665,151,366,Booked,2023-01-06,3.6,18744,1.0,Leisure,0.0,False
666,151,188,Booked,2023-12-06,2.5,3265,6.0,Business,49.0,False
667,151,384,Reviewed,2023-09-08,3.6,19150,,,,
668,152,181,Booked,2023-05-12,5.0,26684,3.0,Family_vacation,3.0,False
669,152,293,Reviewed,2023-10-19,4.3,6499,,,,
670,152,271,Booked,2023-07-22,5.0,14468,1.0,Family_vacation,18.0,False
671,152,33,Reviewed,2023-09-23,5.0,27200,,,,
672,152,114,Booked,2023-09-03,4.7,13294,1.0,Family_vacation,0.0,False
673,153,398,Reviewed,2023-11-12,4.6,8258,,,,
674,153,153,Booked,2023-08-15,5.0,4633,6.0,Leisure,1.0,False
675,153,60,Reviewed,2023-04-07,4.0,10446,,,,
676,153,288,Reviewed,2023-10-19,2.8,6244,,,,
677,154,378,Reviewed,2023-04-13,4.0,4268,,,,
678,154,312,Booked,2023-07-20,4.9,14637,5.0,Business,29.0,False
679,154,348,Reviewed,2023-04-10,3.6,20000,,,,
680,154,332,Booked,2023-08-14,5.0,16942,5.0,Leisure,78.0,False
681,155,57,Reviewed,2023-07-29,5.0,8169,,,,
682,155,57,Reviewed,2023-11-13,5.0,24507,,,,
683,155,57,Booked,2023-07-09,5.0,8169,6.0,Business,2.0,False
684,155,311,Reviewed,2023-07-18,5.0,6394,,,,
685,156,184,Booked,2023-01-19,5.0,7182,1.0,Business,95.0,False
686,156,244,Booked,2023-10-20,5.0,23181,6.0,Business,74.0,False
687,156,315,Booked,2023-05-02,5.0,27120,3.0,Business,9.0,False
688,156,321,Reviewed,2023-09-03,4.4,12958,,,,
689,156,385,Reviewed,2023-08-21,2.5,17394,,,,
690,156,282,Reviewed,2023-04-25,4.8,14136,,,,
691,156,293,Reviewed,2023-07-18,5.0,12998,,,,
692,157,144,Booked,2023-08-24,3.7,16360,7.0,Business,3.0,False
693,157,73,Booked,2023-11-17,3.6,13024,4.0,Leisure,3.0,False
694,157,134,Booked,2023-08-20,3.8,15268,4.0,Business,0.0,False
695,158,43,Booked,2023-04-22,5.0,34370,2.0,Family_vacation,12.0,False
696,158,341,Booked,2023-11-13,5.0,30796,5.0,Family_vacation,4.0,False
697,158,150,Booked,2023-07-11,5.0,10148,4.0,Business,1.0,False
698,158,335,Booked,2023-06-03,5.0,25500,4.0,Business,1.0,False
699,158,16,Booked,2023-10-10,5.0,23632,5.0,Family_vacation,13.0,False
700,158,224,Booked,2023-01-13,5.0,16320,5.0,Family_vacation,4.0,False
701,158,140,Booked,2023-12-15,5.0,11220,6.0,Family_vacation,0.0,False
702,159,255,Reviewed,2023-03-08,5.0,23540,,,,
703,159,347,Reviewed,2023-06-11,5.0,41115,,,,
704,159,178,Booked,2023-09-29,5.0,4477,6.0,Business,24.0,True
705,160,349,Booked,2023-02-16,4.1,23733,2.0,Business,2.0,False
706,160,43,Reviewed,2023-06-07,5.0,20622,,,,
707,160,234,Booked,2023-11-16,5.0,31690,7.0,Business,9.0,False
708,161,356,Booked,2023-03-23,4.2,5768,2.0,Leisure,116.0,False
709,161,362,Reviewed,2023-11-13,3.5,16655,,,,
710,161,299,Booked,2023-10-10,3.8,10650,6.0,Leisure,48.0,False
711,162,262,Booked,2023-02-19,3.6,7602,4.0,Leisure,3.0,False
712,162,96,Reviewed,2023-01-11,2.9,10869,,,,
713,162,262,Reviewed,2023-08-14,3.3,7602,,,,
714,162,288,Booked,2023-01-11,4.4,15610,3.0,Leisure,7.0,False
715,162,292,Booked,2023-07-09,2.5,5848,5.0,Leisure,2.0,False
716,162,6,Booked,2023-03-18,2.6,6068,6.0,Leisure,15.0,False
717,162,99,Booked,2023-02-12,3.4,14916,1.0,Leisure,30.0,False
718,163,354,Booked,2023-09-20,5.0,23330,1.0,Leisure,1.0,False
719,163,220,Booked,2023-01-27,5.0,16332,3.0,Leisure,4.0,False
720,163,241,Booked,2023-01-21,5.0,21860,6.0,Business,0.0,False
721,164,203,Reviewed,2023-11-16,4.6,48550,,,,
722,164,260,Reviewed,2023-01-10,5.0,15946,,,,
723,164,83,Reviewed,2023-08-29,5.0,8829,,,,
724,165,88,Booked,2023-07-07,5.0,17388,4.0,Leisure,0.0,False
725,165,171,Reviewed,2023-06-27,4.0,17215,,,,
726,165,294,Booked,2023-04-09,3.6,9891,1.0,Leisure,1.0,False
727,166,33,Reviewed,2023-02-28,5.0,13600,,,,
728,166,384,Booked,2023-02-24,3.9,7660,3.0,Business,10.0,False
729,166,33,Reviewed,2023-05-02,5.0,6800,,,,
730,167,151,Booked,2023-01-05,2.2,13086,7.0,Family_vacation,1.0,True
731,167,162,Booked,2023-10-26,2.3,22272,6.0,Business,14.0,False
732,167,154,Booked,2023-02-24,2.8,6378,6.0,Business,4.0,False
733,168,246,Booked,2023-02-16,4.5,12894,2.0,Business,14.0,True
734,168,230,Reviewed,2023-06-14,4.9,11606,,,,
735,168,395,Booked,2023-09-01,4.2,22472,5.0,Family_vacation,15.0,False
736,168,295,Reviewed,2023-08-15,3.2,7723,,,,
737,169,384,Booked,2023-10-22,5.0,3830,6.0,Leisure,1.0,False
738,169,3,Booked,2023-06-14,4.3,6108,2.0,Leisure,0.0,False
739,169,178,Booked,2023-06-01,5.0,22385,6.0,Leisure,24.0,False
740,169,299,Booked,2023-05-04,4.4,10650,3.0,Leisure,0.0,True
741,169,368,Booked,2023-02-02,4.3,3377,5.0,Leisure,8.0,False
742,169,393,Reviewed,2023-12-12,4.7,15156,,,,
743,170,147,Reviewed,2023-10-29,3.6,9306,,,,
744,170,368,Booked,2023-12-24,3.9,3377,5.0,Business,1.0,False
745,170,29,Booked,2023-08-19,3.0,12840,3.0,Leisure,3.0,False
746,170,139,Booked,2023-10-07,4.0,7652,2.0,Leisure,0.0,True
747,170,171,Booked,2023-06-30,3.5,13772,3.0,Leisure,0.0,False
748,170,151,Booked,2023-07-26,4.7,17448,4.0,Business,0.0,False
749,171,36,Reviewed,2023-06-12,5.0,12460,,,,
750,171,257,Booked,2023-07-24,4.6,17420,7.0,Leisure,40.0,False
751,171,117,Reviewed,2023-03-19,3.7,7796,,,,
752,172,266,Reviewed,2023-04-12,5.0,36332,,,,
753,172,107,Reviewed,2023-03-23,5.0,52770,,,,
754,172,341,Reviewed,2023-05-23,5.0,30796,,,,
755,172,43,Booked,2023-08-10,5.0,13748,4.0,Leisure,9.0,True
756,172,176,Reviewed,2023-02-24,5.0,24870,,,,
757,172,266,Booked,2023-12-28,5.0,27249,2.0,Business,13.0,False
758,172,332,Booked,2023-04-21,5.0,8471,3.0,Leisure,7.0,False
759,173,209,Booked,2023-11-03,3.0,9855,3.0,Leisure,0.0,False
760,173,374,Reviewed,2023-03-07,3.4,14176,,,,
761,173,299,Booked,2023-02-02,2.8,10650,4.0,Leisure,1.0,False
762,173,330,Booked,2023-06-10,5.0,18420,7.0,Leisure,1.0,False
763,173,298,Reviewed,2023-06-19,5.0,8468,,,,
764,174,311,Booked,2023-12-29,5.0,12788,7.0,Leisure,0.0,False
765,174,131,Booked,2023-08-29,5.0,14643,5.0,Leisure,1.0,False
766,174,247,Booked,2023-03-17,3.6,5217,5.0,Leisure,8.0,False
767,174,194,Reviewed,2023-02-04,2.2,7022,,,,
768,174,216,Booked,2023-05-22,3.7,20628,7.0,Leisure,10.0,False
769,174,71,Booked,2023-04-25,5.0,16755,3.0,Leisure,4.0,False
770,175,21,Reviewed,2023-06-13,4.2,22512,,,,
771,175,212,Booked,2023-11-06,5.0,18582,7.0,Family_vacation,0.0,False
772,175,332,Reviewed,2023-11-02,5.0,25413,,,,
773,175,228,Reviewed,2023-04-10,5.0,39805,,,,
774,176,262,Reviewed,2023-01-06,2.9,7602,,,,
775,176,222,Booked,2023-03-15,3.3,3346,6.0,Leisure,4.0,False
776,176,371,Booked,2023-07-08,3.1,5686,4.0,Leisure,10.0,False
777,176,268,Reviewed,2023-06-10,4.2,12957,,,,
778,176,63,Reviewed,2023-08-22,2.8,19190,,,,
779,176,330,Reviewed,2023-08-21,4.5,23025,,,,
780,176,10,Booked,2023-03-07,3.3,3963,1.0,Business,1.0,False
781,177,136,Booked,2023-01-14,3.5,10548,4.0,Business,0.0,False
782,177,202,Booked,2023-01-18,3.8,11790,5.0,Leisure,1.0,True
783,177,6,Reviewed,2023-09-19,2.9,6068,,,,
784,178,118,Booked,2023-02-22,4.3,7744,1.0,Leisure,0.0,False
785,178,333,Booked,2023-06-23,5.0,20508,7.0,Leisure,1.0,False
786,178,291,Booked,2023-02-01,5.0,22780,6.0,Leisure,0.0,False
787,178,225,Reviewed,2023-08-18,2.7,11247,,,,
788,178,220,Booked,2023-04-27,4.4,27220,1.0,Leisure,1.0,False
789,179,53,Booked,2023-04-23,4.7,14244,7.0,Family_vacation,1.0,False
790,179,120,Reviewed,2023-07-18,4.7,27676,,,,
791,179,337,Reviewed,2023-01-10,4.3,21840,,,,
792,179,243,Booked,2023-01-13,5.0,32912,5.0,Family_vacation,22.0,False
793,179,45,Booked,2023-01-19,4.9,40790,4.0,Family_vacation,7.0,False
794,179,76,Booked,2023-10-25,5.0,27310,7.0,Family_vacation,44.0,False
795,179,70,Reviewed,2023-10-02,4.5,46170,,,,
796,180,310,Booked,2023-03-23,5.0,34740,3.0,Leisure,10.0,False
797,180,216,Reviewed,2023-05-14,4.6,20628,,,,
798,180,108,Booked,2023-08-20,5.0,32645,6.0,Leisure,7.0,False
799,180,108,Booked,2023-04-05,5.0,26116,7.0,Business,7.0,False
800,180,294,Reviewed,2023-04-16,3.1,16485,,,,
801,181,275,Reviewed,2023-04-20,5.0,15666,,,,
802,181,134,Booked,2023-07-04,3.8,7634,5.0,Family_vacation,0.0,False
803,181,30,Reviewed,2023-04-22,5.0,17793,,,,
804,181,38,Reviewed,2023-04-21,5.0,14559,,,,
805,182,393,Reviewed,2023-07-20,4.5,7578,,,,
806,182,289,Booked,2023-09-09,4.3,16655,3.0,Leisure,0.0,False
807,182,209,Booked,2023-05-08,3.6,3285,1.0,Leisure,0.0,False
808,182,289,Booked,2023-05-21,5.0,9993,4.0,Leisure,1.0,False
809,183,163,Reviewed,2023-08-05,5.0,12807,,,,
810,183,356,Booked,2023-02-08,4.0,2884,3.0,Leisure,1.0,False
811,183,330,Reviewed,2023-06-04,5.0,18420,,,,
812,184,275,Booked,2023-04-15,3.7,5222,4.0,Business,2.0,False
813,184,35,Booked,2023-05-01,5.0,26310,6.0,Leisure,6.0,False
814,184,186,Reviewed,2023-12-26,4.9,5144,,,,
815,184,276,Booked,2023-04-21,2.5,20164,1.0,Business,5.0,False
816,184,206,Reviewed,2023-08-27,3.1,3646,,,,
817,185,130,Booked,2023-05-24,5.0,30280,2.0,Leisure,4.0,True
818,185,15,Reviewed,2023-05-20,5.0,17394,,,,
819,185,15,Reviewed,2023-05-01,5.0,8697,,,,
820,186,108,Reviewed,2023-08-11,3.8,26116,,,,
821,186,377,Booked,2023-04-29,4.1,6920,3.0,Family_vacation,11.0,False
822,186,80,Booked,2023-08-22,3.5,26505,2.0,Family_vacation,55.0,False
823,186,185,Reviewed,2023-06-14,3.4,14427,,,,
824,186,320,Booked,2023-07-28,2.5,22932,3.0,Family_vacation,0.0,False
825,187,297,Reviewed,2023-10-05,5.0,17224,,,,
826,187,321,Reviewed,2023-02-14,5.0,12958,,,,
827,187,150,Booked,2023-06-20,5.0,20296,4.0,Leisure,2.0,False
828,187,266,Booked,2023-01-22,5.0,18166,5.0,Leisure,14.0,False
829,187,265,Reviewed,2023-03-23,5.0,25130,,,,
830,188,256,Reviewed,2023-02-11,5.0,5344,,,,
831,188,299,Reviewed,2023-09-14,4.4,17750,,,,
832,188,18,Booked,2023-02-23,5.0,20799,5.0,Leisure,5.0,False
833,189,158,Booked,2023-03-01,5.0,25218,5.0,Leisure,1.0,False
834,189,203,Reviewed,2023-07-21,5.0,29130,,,,
835,189,208,Reviewed,2023-07-28,5.0,8171,,,,
836,190,219,Reviewed,2023-12-22,4.2,7378,,,,
837,190,19,Booked,2023-01-01,4.2,19635,7.0,Business,21.0,False
838,190,99,Booked,2023-02-06,3.9,11187,2.0,Leisure,16.0,False
839,190,171,Reviewed,2023-10-05,3.8,6886,,,,
840,190,84,Booked,2023-01-13,2.8,11565,1.0,Leisure,5.0,False
841,191,103,Booked,2023-03-02,5.0,19359,6.0,Leisure,8.0,False
842,191,388,Booked,2023-06-03,4.5,18375,2.0,Leisure,18.0,False
843,191,266,Reviewed,2023-09-02,5.0,45415,,,,
844,192,294,Booked,2023-06-13,3.4,9891,6.0,Leisure,1.0,False
845,192,193,Booked,2023-10-03,4.0,15328,6.0,Leisure,0.0,False
846,192,209,Booked,2023-12-17,3.6,3285,4.0,Business,2.0,False
847,192,56,Booked,2023-09-01,3.2,3441,1.0,Leisure,7.0,False
848,193,263,Reviewed,2023-06-22,5.0,26844,,,,
849,193,157,Booked,2023-01-18,5.0,31810,7.0,Leisure,13.0,False
850,193,28,Booked,2023-11-11,5.0,6098,6.0,Business,5.0,False
851,194,243,Booked,2023-09-15,5.0,24684,6.0,Leisure,9.0,False
852,194,252,Reviewed,2023-10-02,5.0,5579,,,,
853,194,370,Reviewed,2023-05-10,5.0,36190,,,,
854,195,49,Reviewed,2023-03-25,2.5,15785,,,,
855,195,222,Reviewed,2023-06-19,3.5,6692,,,,
856,195,11,Booked,2023-02-09,2.7,12484,2.0,Business,36.0,False
857,196,383,Reviewed,2023-04-04,5.0,33250,,,,
858,196,31,Reviewed,2023-09-10,5.0,28452,,,,
859,196,336,Booked,2023-12-25,5.0,4406,1.0,Business,23.0,False
860,197,83,Booked,2023-01-13,5.0,26487,7.0,Family_vacation,14.0,True
861,197,379,Reviewed,2023-09-26,4.4,22656,,,,
862,197,192,Booked,2023-11-22,3.8,33308,4.0,Business,16.0,False
863,197,174,Booked,2023-02-04,4.6,28290,6.0,Business,10.0,False
864,197,155,Booked,2023-05-05,4.9,15184,1.0,Business,15.0,False
865,197,260,Booked,2023-04-06,5.0,31892,6.0,Family_vacation,0.0,False
866,197,295,Booked,2023-05-15,3.7,15446,5.0,Business,11.0,False
867,198,353,Booked,2023-03-10,5.0,39668,1.0,Family_vacation,97.0,False
868,198,343,Reviewed,2023-01-07,4.7,25527,,,,
869,198,83,Booked,2023-10-27,5.0,26487,7.0,Business,13.0,False
870,198,155,Reviewed,2023-04-20,3.8,30368,,,,
871,198,106,Booked,2023-09-02,4.2,7952,2.0,Family_vacation,3.0,False
872,198,343,Booked,2023-10-05,5.0,8509,2.0,Family_vacation,11.0,False
873,198,203,Booked,2023-03-16,5.0,9710,4.0,Family_vacation,0.0,False
874,199,29,Booked,2023-07-05,4.5,9630,4.0,Business,2.0,False
875,199,393,Booked,2023-06-14,4.8,3789,2.0,Leisure,0.0,False
876,199,56,Booked,2023-07-20,4.2,6882,6.0,Leisure,0.0,False
877,200,313,Booked,2023-09-18,5.0,20864,2.0,Leisure,3.0,False
878,200,313,Booked,2023-02-08,4.4,10432,4.0,Business,1.0,False
879,200,236,Booked,2023-03-16,4.9,10052,3.0,Business,4.0,False
880,201,1,Booked,2023-10-02,3.4,9612,7.0,Leisure,6.0,False
881,201,99,Booked,2023-07-17,4.0,18645,6.0,Leisure,6.0,False
882,201,217,Booked,2023-11-03,3.5,17545,2.0,Leisure,10.0,False
883,202,35,Reviewed,2023-11-20,5.0,15786,,,,
884,202,321,Reviewed,2023-05-19,5.0,32395,,,,
885,202,39,Reviewed,2023-09-20,4.4,14874,,,,
886,203,163,Booked,2023-06-06,4.3,12807,5.0,Leisure,9.0,False
887,203,136,Reviewed,2023-11-03,3.5,7032,,,,
888,203,268,Booked,2023-11-10,5.0,8638,7.0,Leisure,2.0,False
889,204,80,Booked,2023-10-05,4.4,10602,7.0,Family_vacation,13.0,False
890,204,264,Booked,2023-03-02,5.0,24516,6.0,Family_vacation,0.0,False
891,204,275,Reviewed,2023-11-21,4.8,10444,,,,
892,205,52,Booked,2023-07-20,4.2,12438,5.0,Leisure,18.0,False
893,205,159,Booked,2023-05-11,5.0,15102,1.0,Leisure,10.0,False
894,205,50,Reviewed,2023-07-21,4.0,9588,,,,
895,205,304,Booked,2023-09-11,5.0,26790,5.0,Leisure,6.0,False
896,205,31,Reviewed,2023-08-04,5.0,7113,,,,
897,205,342,Reviewed,2023-08-07,3.4,22748,,,,
898,206,117,Booked,2023-04-03,3.7,3898,1.0,Leisure,8.0,False
899,206,356,Booked,2023-10-08,4.4,5768,7.0,Business,0.0,False
900,206,368,Booked,2023-08-05,3.8,16885,1.0,Business,29.0,False
901,206,393,Booked,2023-05-26,4.2,7578,2.0,Leisure,8.0,False
902,206,362,Booked,2023-05-17,5.0,9993,7.0,Business,5.0,True
903,206,368,Reviewed,2023-10-27,4.0,6754,,,,
904,207,23,Booked,2023-10-05,5.0,10140,1.0,Leisure,78.0,False
905,207,150,Reviewed,2023-05-19,4.8,5074,,,,
906,207,100,Reviewed,2023-02-18,4.4,18004,,,,
907,207,88,Reviewed,2023-05-04,4.7,8694,,,,
908,207,41,Booked,2023-03-30,4.9,12636,1.0,Business,13.0,False
909,208,118,Booked,2023-08-17,3.8,3872,7.0,Business,96.0,False
910,208,381,Reviewed,2023-08-15,3.0,13364,,,,
911,208,206,Reviewed,2023-11-11,3.6,3646,,,,
912,208,139,Reviewed,2023-04-16,3.8,15304,,,,
913,208,217,Reviewed,2023-08-12,3.7,17545,,,,
914,208,6,Reviewed,2023-06-25,2.9,12136,,,,
915,209,331,Booked,2023-08-15,5.0,30354,2.0,Business,2.0,False
916,209,331,Booked,2023-12-24,5.0,20236,7.0,Business,1.0,False
917,209,353,Booked,2023-06-30,5.0,19834,6.0,Business,0.0,False
918,209,331,Reviewed,2023-01-13,5.0,50590,,,,
919,209,353,Booked,2023-05-05,5.0,9917,4.0,Business,2.0,True
920,209,353,Reviewed,2023-10-20,5.0,39668,,,,
921,209,353,Reviewed,2023-01-11,5.0,39668,,,,
922,210,223,Booked,2023-04-28,3.2,10008,4.0,Business,3.0,False
923,210,372,Reviewed,2023-10-27,3.8,19325,,,,
924,210,386,Reviewed,2023-09-29,3.7,2945,,,,
925,211,108,Booked,2023-02-16,4.1,13058,1.0,Family_vacation,17.0,False
926,211,296,Booked,2023-05-09,4.9,17547,4.0,Family_vacation,33.0,False
927,211,123,Booked,2023-08-12,4.8,16644,2.0,Family_vacation,5.0,False
928,211,358,Booked,2023-04-29,3.6,33240,1.0,Family_vacation,16.0,False
929,212,353,Booked,2023-05-28,5.0,39668,2.0,Leisure,12.0,False
930,212,203,Booked,2023-04-11,5.0,9710,1.0,Leisure,26.0,False
931,212,353,Booked,2023-04-02,5.0,39668,5.0,Leisure,4.0,False
932,212,236,Booked,2023-10-01,5.0,20104,7.0,Business,9.0,False
933,212,236,Booked,2023-05-20,5.0,10052,5.0,Leisure,20.0,True
934,213,183,Booked,2023-11-08,5.0,35845,7.0,Business,10.0,False
935,213,183,Booked,2023-03-31,5.0,14338,2.0,Business,1.0,False
936,213,183,Reviewed,2023-02-04,5.0,14338,,,,
937,213,195,Booked,2023-05-28,5.0,30284,6.0,Business,4.0,False
938,214,71,Booked,2023-11-28,5.0,16755,7.0,Family_vacation,22.0,False
939,214,35,Booked,2023-07-27,5.0,26310,4.0,Business,4.0,False
940,214,16,Reviewed,2023-03-06,5.0,11816,,,,
941,215,194,Booked,2023-02-07,1.4,10533,7.0,Family_vacation,0.0,False
942,215,247,Booked,2023-07-31,1.9,15651,3.0,Business,2.0,False
943,215,53,Booked,2023-01-09,1.7,14244,4.0,Family_vacation,0.0,False
944,216,205,Booked,2023-05-06,4.2,12410,4.0,Leisure,37.0,False
945,216,43,Reviewed,2023-12-31,5.0,13748,,,,
946,216,341,Reviewed,2023-08-26,5.0,7699,,,,
947,217,60,Booked,2023-07-11,3.6,13928,4.0,Leisure,20.0,False
948,217,356,Booked,2023-02-09,4.5,8652,7.0,Leisure,3.0,False
949,217,117,Booked,2023-09-03,3.6,11694,2.0,Leisure,21.0,False
950,217,384,Reviewed,2023-02-21,3.8,19150,,,,
951,218,224,Booked,2023-09-24,4.9,16320,4.0,Family_vacation,17.0,False
952,218,348,Booked,2023-06-27,4.0,15000,3.0,Business,5.0,False
953,218,178,Booked,2023-03-05,5.0,17908,4.0,Family_vacation,3.0,True
954,218,325,Booked,2023-03-20,5.0,29876,3.0,Family_vacation,8.0,False
955,219,311,Booked,2023-04-11,4.7,25576,3.0,Business,14.0,True
956,219,149,Booked,2023-06-05,4.6,13476,2.0,Business,9.0,False
957,219,284,Booked,2023-03-19,5.0,36135,3.0,Leisure,42.0,False
958,219,367,Reviewed,2023-03-25,5.0,21930,,,,
959,220,313,Booked,2023-04-23,5.0,20864,6.0,Business,9.0,True
960,220,236,Booked,2023-08-24,5.0,30156,5.0,Leisure,14.0,False
961,220,331,Reviewed,2023-08-29,5.0,30354,,,,
962,221,281,Booked,2023-06-19,3.4,8508,5.0,Business,17.0,False
963,221,193,Booked,2023-10-29,3.6,11496,7.0,Leisure,33.0,False
964,221,136,Booked,2023-04-26,4.1,14064,4.0,Leisure,7.0,False
965,222,242,Booked,2023-01-27,5.0,16890,7.0,Leisure,49.0,False
966,222,212,Booked,2023-03-17,5.0,18582,2.0,Leisure,5.0,False
967,222,382,Booked,2023-02-20,5.0,32595,3.0,Leisure,2.0,False
968,222,267,Booked,2023-06-03,5.0,14562,5.0,Leisure,12.0,False
969,222,338,Booked,2023-02-03,5.0,4304,4.0,Leisure,1.0,False
970,222,365,Reviewed,2023-08-01,5.0,9176,,,,
971,223,201,Booked,2023-06-07,4.9,28812,4.0,Family_vacation,2.0,False
972,223,76,Reviewed,2023-05-01,5.0,27310,,,,
973,223,114,Booked,2023-03-26,5.0,33235,3.0,Family_vacation,8.0,False
974,224,10,Reviewed,2023-03-18,3.7,15852,,,,
975,224,202,Booked,2023-02-17,4.3,7860,1.0,Business,3.0,False
976,224,238,Booked,2023-03-10,4.5,11157,6.0,Leisure,1.0,False
977,224,171,Booked,2023-12-08,3.7,3443,2.0,Leisure,1.0,False
978,224,171,Booked,2023-01-20,4.4,3443,1.0,Leisure,2.0,False
979,224,393,Booked,2023-04-09,4.1,15156,7.0,Leisure,2.0,False
980,225,257,Reviewed,2023-11-10,4.5,4355,,,,
981,225,223,Reviewed,2023-08-25,3.8,10008,,,,
982,225,59,Booked,2023-03-22,5.0,28325,1.0,Leisure,11.0,False
983,225,278,Booked,2023-01-17,5.0,19104,6.0,Business,1.0,False
984,225,299,Booked,2023-08-20,3.4,17750,3.0,Leisure,14.0,False
985,225,248,Booked,2023-07-25,3.5,10328,7.0,Leisure,8.0,False
986,226,358,Reviewed,2023-03-18,4.6,6648,,,,
987,226,162,Booked,2023-02-10,3.6,5568,2.0,Business,3.0,False
988,226,348,Reviewed,2023-03-18,3.6,15000,,,,
989,227,195,Booked,2023-08-11,5.0,37855,6.0,Business,12.0,False
990,227,260,Booked,2023-04-18,5.0,7973,3.0,Business,21.0,False
991,227,183,Booked,2023-02-03,4.1,21507,4.0,Business,13.0,False
992,228,191,Reviewed,2023-06-15,5.0,20583,,,,
993,228,230,Booked,2023-12-29,5.0,17409,7.0,Leisure,112.0,False
994,228,50,Booked,2023-01-04,5.0,9588,3.0,Leisure,26.0,False
995,229,361,Reviewed,2023-05-03,3.2,15252,,,,
996,229,300,Reviewed,2023-05-23,4.9,9498,,,,
997,229,23,Reviewed,2023-08-02,4.1,5070,,,,
998,229,305,Booked,2023-12-31,4.5,27830,3.0,Leisure,4.0,False
999,229,272,Reviewed,2023-09-14,3.1,6570,,,,
1000,229,339,Booked,2023-06-20,5.0,26900,3.0,Leisure,3.0,False
1001,230,98,Booked,2023-08-11,5.0,9047,4.0,Family_vacation,2.0,False
1002,230,244,Booked,2023-05-29,3.8,30908,1.0,Family_vacation,7.0,True
1003,230,319,Booked,2023-10-29,3.2,7575,4.0,Family_vacation,20.0,False
1004,231,35,Booked,2023-06-11,5.0,10524,4.0,Family_vacation,12.0,False
1005,231,50,Booked,2023-01-20,5.0,23970,3.0,Family_vacation,0.0,True
1006,231,13,Reviewed,2023-04-28,2.6,16536,,,,
1007,231,302,Booked,2023-07-23,3.7,4268,1.0,Family_vacation,8.0,False
1008,231,18,Reviewed,2023-10-07,5.0,6933,,,,
1009,232,362,Booked,2023-06-06,4.8,3331,4.0,Leisure,1.0,False
1010,232,144,Booked,2023-12-05,3.9,3272,7.0,Leisure,0.0,False
1011,232,32,Booked,2023-10-15,4.2,6114,5.0,Leisure,0.0,True
1012,233,285,Booked,2023-02-20,5.0,15360,2.0,Leisure,10.0,False
1013,233,131,Reviewed,2023-08-01,5.0,19524,,,,
1014,233,295,Booked,2023-04-15,5.0,23169,1.0,Leisure,8.0,False
1015,233,168,Booked,2023-02-09,5.0,7339,7.0,Leisure,2.0,False
1016,234,209,Reviewed,2023-04-02,3.7,13140,,,,
1017,234,309,Booked,2023-06-22,3.2,15425,4.0,Leisure,3.0,False
1018,234,171,Booked,2023-11-11,4.0,3443,3.0,Leisure,0.0,False
1019,234,146,Booked,2023-04-07,4.4,11043,6.0,Business,17.0,False
1020,234,144,Booked,2023-02-14,4.6,6544,2.0,Business,15.0,False
1021,234,56,Reviewed,2023-12-20,4.4,13764,,,,
1022,234,29,Reviewed,2023-11-20,3.6,9630,,,,
1023,235,302,Booked,2023-09-20,4.7,17072,2.0,Business,1.0,False
1024,235,182,Booked,2023-09-05,3.6,3819,6.0,Business,4.0,False
1025,235,196,Booked,2023-09-11,3.3,11796,4.0,Business,7.0,False
1026,235,366,Booked,2023-01-19,4.7,4686,5.0,Leisure,8.0,False
1027,236,243,Reviewed,2023-08-01,5.0,8228,,,,
1028,236,260,Booked,2023-06-11,5.0,7973,2.0,Family_vacation,8.0,False
1029,236,158,Reviewed,2023-10-15,5.0,42030,,,,
1030,237,332,Reviewed,2023-06-24,5.0,8471,,,,
1031,237,236,Reviewed,2023-11-23,5.0,30156,,,,
1032,237,15,Reviewed,2023-10-02,5.0,26091,,,,
1033,238,313,Booked,2023-12-07,5.0,20864,6.0,Business,2.0,False
1034,238,332,Reviewed,2023-03-20,5.0,33884,,,,
1035,238,123,Reviewed,2023-02-08,5.0,24966,,,,
1036,238,341,Booked,2023-09-13,5.0,23097,4.0,Business,1.0,False
1037,239,137,Booked,2023-03-12,5.0,30355,5.0,Family_vacation,2.0,False
1038,239,291,Booked,2023-02-18,5.0,17085,3.0,Family_vacation,3.0,False
1039,239,64,Reviewed,2023-04-19,5.0,5954,,,,
1040,239,174,Reviewed,2023-01-26,5.0,47150,,,,
1041,239,172,Reviewed,2023-10-05,4.4,5788,,,,
1042,240,380,Booked,2023-10-23,5.0,47205,3.0,Family_vacation,0.0,False
1043,240,192,Booked,2023-02-21,4.4,8327,3.0,Family_vacation,3.0,False
1044,240,57,Booked,2023-12-03,5.0,8169,2.0,Business,1.0,False
1045,240,244,Reviewed,2023-02-24,5.0,7727,,,,
1046,241,195,Booked,2023-10-30,5.0,15142,1.0,Business,0.0,False
1047,241,260,Reviewed,2023-10-19,5.0,7973,,,,
1048,241,183,Booked,2023-11-19,5.0,28676,2.0,Leisure,7.0,False
1049,242,384,Reviewed,2023-07-28,3.5,19150,,,,
1050,242,171,Reviewed,2023-05-20,4.4,6886,,,,
1051,242,117,Reviewed,2023-09-10,4.4,3898,,,,
1052,242,171,Booked,2023-04-19,4.5,13772,2.0,Leisure,5.0,False
1053,242,289,Booked,2023-03-11,4.2,16655,4.0,Leisure,4.0,False
1054,242,171,Booked,2023-05-08,4.5,3443,6.0,Leisure,12.0,False
1055,242,289,Booked,2023-09-12,3.5,3331,4.0,Leisure,8.0,False
1056,243,239,Booked,2023-12-10,2.9,4176,2.0,Leisure,3.0,False
1057,243,56,Booked,2023-02-06,3.9,6882,2.0,Business,4.0,False
1058,243,163,Reviewed,2023-01-02,4.6,4269,,,,
1059,243,182,Booked,2023-07-31,3.0,7638,4.0,Business,15.0,False
1060,244,127,Booked,2023-07-30,5.0,33190,6.0,Leisure,5.0,False
1061,244,351,Booked,2023-11-22,4.8,27800,3.0,Leisure,19.0,False
1062,244,26,Booked,2023-12-06,3.9,28756,3.0,Leisure,7.0,False
1063,244,26,Booked,2023-08-26,3.7,7189,6.0,Leisure,5.0,False
1064,244,98,Reviewed,2023-07-31,5.0,27141,,,,
1065,244,293,Booked,2023-03-14,5.0,12998,4.0,Leisure,32.0,False
1066,244,210,Booked,2023-09-29,4.1,29696,3.0,Leisure,8.0,False
1067,245,109,Booked,2023-07-19,3.9,23276,2.0,Leisure,6.0,False
1068,245,292,Booked,2023-05-01,3.4,11696,2.0,Leisure,31.0,False
1069,245,330,Reviewed,2023-11-25,5.0,4605,,,,
1070,246,158,Booked,2023-12-04,5.0,25218,6.0,Business,2.0,True
1071,246,311,Reviewed,2023-02-24,5.0,19182,,,,
1072,246,325,Booked,2023-05-10,5.0,37345,7.0,Business,0.0,False
1073,247,26,Reviewed,2023-03-18,5.0,21567,,,,
1074,247,380,Booked,2023-12-20,5.0,37764,5.0,Business,1.0,False
1075,247,123,Booked,2023-04-06,4.7,24966,6.0,Business,7.0,False
1076,248,368,Booked,2023-12-09,4.1,16885,5.0,Leisure,10.0,False
1077,248,117,Booked,2023-08-30,3.8,7796,3.0,Business,16.0,False
1078,248,299,Booked,2023-08-30,4.0,17750,3.0,Leisure,8.0,False
1079,248,364,Reviewed,2023-12-20,2.9,16820,,,,
1080,249,333,Reviewed,2023-04-15,5.0,34180,,,,
1081,249,190,Booked,2023-02-07,3.6,40135,4.0,Leisure,1.0,False
1082,249,365,Booked,2023-04-20,5.0,9176,1.0,Business,1.0,False
1083,250,313,Booked,2023-11-26,5.0,41728,2.0,Business,1.0,False
1084,250,57,Booked,2023-11-10,4.7,24507,7.0,Family_vacation,12.0,False
1085,250,236,Booked,2023-05-04,3.9,30156,5.0,Business,3.0,False
1086,250,198,Booked,2023-09-08,5.0,16558,7.0,Business,1.0,False
1087,251,379,Booked,2023-08-07,5.0,22656,7.0,Leisure,3.0,False
1088,251,353,Reviewed,2023-01-14,5.0,49585,,,,
1089,251,70,Booked,2023-01-11,5.0,18468,2.0,Leisure,5.0,False
1090,251,115,Booked,2023-04-02,5.0,18502,2.0,Business,62.0,False
1091,252,156,Reviewed,2023-04-15,4.1,15513,,,,
1092,252,186,Booked,2023-12-18,5.0,5144,7.0,Leisure,4.0,False
1093,252,94,Booked,2023-01-04,3.8,5429,5.0,Business,2.0,False
1094,252,50,Booked,2023-02-25,5.0,9588,2.0,Business,6.0,False
1095,252,295,Booked,2023-08-11,5.0,15446,3.0,Leisure,4.0,False
1096,252,178,Booked,2023-12-13,5.0,22385,5.0,Leisure,3.0,False
1097,252,16,Booked,2023-03-22,5.0,29540,5.0,Leisure,4.0,False
1098,253,297,Booked,2023-06-11,4.7,8612,6.0,Leisure,13.0,False
1099,253,26,Reviewed,2023-04-11,5.0,28756,,,,
1100,253,268,Booked,2023-10-02,5.0,4319,7.0,Leisure,0.0,False
1101,253,50,Booked,2023-01-28,5.0,23970,7.0,Business,12.0,False
1102,253,179,Booked,2023-11-29,5.0,12574,1.0,Leisure,2.0,False
1103,254,393,Reviewed,2023-11-07,4.4,3789,,,,
1104,254,134,Booked,2023-05-04,3.9,3817,3.0,Leisure,0.0,False
1105,254,73,Reviewed,2023-05-14,3.6,6512,,,,
1106,255,288,Booked,2023-04-16,3.0,6244,6.0,Leisure,2.0,False
1107,255,104,Booked,2023-11-16,3.5,15976,6.0,Leisure,7.0,False
1108,255,60,Booked,2023-06-14,3.5,10446,7.0,Leisure,15.0,True
1109,255,289,Reviewed,2023-01-14,4.0,3331,,,,
1110,256,56,Booked,2023-03-26,4.0,17205,1.0,Business,38.0,False
1111,256,229,Booked,2023-02-20,4.2,33475,6.0,Leisure,0.0,False
1112,256,233,Booked,2023-11-06,5.0,9222,3.0,Leisure,25.0,False
1113,257,289,Booked,2023-03-23,3.7,6662,5.0,Leisure,5.0,False
1114,257,146,Booked,2023-05-28,4.3,3681,2.0,Leisure,14.0,False
1115,257,356,Reviewed,2023-09-14,4.5,2884,,,,
1116,258,313,Booked,2023-01-23,5.0,10432,6.0,Business,4.0,False
1117,258,107,Reviewed,2023-06-26,5.0,10554,,,,
1118,258,313,Booked,2023-07-05,5.0,31296,5.0,Business,5.0,False
1119,259,29,Booked,2023-06-14,3.6,3210,3.0,Leisure,17.0,False
1120,259,182,Reviewed,2023-10-23,3.6,3819,,,,
1121,259,384,Reviewed,2023-10-10,4.7,15320,,,,
1122,259,371,Booked,2023-07-28,3.4,11372,5.0,Leisure,18.0,False
1123,260,229,Booked,2023-11-22,5.0,33475,2.0,Business,4.0,True
1124,260,260,Booked,2023-01-25,5.0,31892,3.0,Business,2.0,False
1125,260,183,Booked,2023-10-12,5.0,7169,3.0,Business,0.0,False
1126,260,195,Reviewed,2023-10-08,5.0,30284,,,,
1127,260,260,Booked,2023-05-08,5.0,31892,6.0,Business,3.0,False
1128,261,168,Booked,2023-12-23,5.0,22017,6.0,Business,4.0,False
1129,261,311,Reviewed,2023-12-09,5.0,19182,,,,
1130,261,211,Reviewed,2023-07-28,5.0,7903,,,,
1131,262,361,Booked,2023-07-08,3.6,19065,4.0,Business,5.0,False
1132,262,56,Reviewed,2023-05-09,2.9,3441,,,,
1133,262,56,Booked,2023-07-19,3.3,13764,2.0,Business,5.0,False
1134,262,60,Reviewed,2023-01-22,3.1,6964,,,,
1135,262,194,Reviewed,2023-12-12,3.0,17555,,,,
1136,262,117,Reviewed,2023-12-16,3.1,7796,,,,
1137,263,128,Reviewed,2023-02-13,4.8,13224,,,,
1138,263,400,Booked,2023-07-30,5.0,20094,5.0,Leisure,2.0,False
1139,263,157,Booked,2023-09-16,5.0,6362,7.0,Leisure,3.0,False
1140,264,338,Reviewed,2023-05-22,5.0,8608,,,,
1141,264,178,Booked,2023-08-27,5.0,4477,6.0,Leisure,0.0,True
1142,264,209,Reviewed,2023-12-18,4.5,9855,,,,
1143,265,38,Reviewed,2023-05-03,1.7,9706,,,,
1144,265,303,Booked,2023-04-17,2.9,20226,2.0,Business,124.0,False
1145,265,264,Booked,2023-06-11,3.3,8172,4.0,Business,20.0,False
1146,266,63,Booked,2023-08-27,2.6,3838,5.0,Business,0.0,False
1147,266,263,Booked,2023-05-04,4.3,13422,4.0,Business,6.0,False
1148,266,400,Booked,2023-06-15,5.0,6698,4.0,Leisure,0.0,False
1149,266,275,Booked,2023-11-10,5.0,20888,7.0,Leisure,0.0,False
1150,267,189,Reviewed,2023-10-10,4.1,27725,,,,
1151,267,274,Booked,2023-01-05,3.5,16464,2.0,Leisure,3.0,False
1152,267,85,Booked,2023-01-16,4.4,16272,7.0,Business,0.0,False
1153,268,183,Reviewed,2023-06-20,4.8,28676,,,,
1154,268,183,Reviewed,2023-05-16,5.0,35845,,,,
1155,268,183,Booked,2023-03-03,5.0,28676,1.0,Leisure,2.0,False
1156,269,287,Booked,2023-01-30,4.1,29940,1.0,Leisure,7.0,False
1157,269,395,Booked,2023-11-24,5.0,16854,1.0,Leisure,4.0,False
1158,269,128,Reviewed,2023-07-23,4.8,13224,,,,
1159,269,280,Reviewed,2023-10-28,4.2,23924,,,,
1160,270,208,Booked,2023-03-22,5.0,40855,5.0,Family_vacation,3.0,True
1161,270,322,Reviewed,2023-08-20,5.0,14415,,,,
1162,270,389,Booked,2023-08-03,4.0,15597,1.0,Family_vacation,0.0,False
1163,271,320,Booked,2023-01-22,5.0,5733,7.0,Leisure,1.0,False
1164,271,26,Booked,2023-07-22,4.7,7189,5.0,Leisure,0.0,False
1165,271,180,Reviewed,2023-03-07,4.7,5517,,,,
1166,272,39,Booked,2023-04-15,4.6,19832,5.0,Business,5.0,False
1167,272,41,Booked,2023-01-14,4.6,16848,1.0,Business,4.0,False
1168,272,171,Reviewed,2023-02-21,4.0,6886,,,,
1169,272,1,Booked,2023-06-24,3.1,12816,5.0,Business,3.0,False
1170,272,67,Booked,2023-02-25,3.6,15608,4.0,Business,6.0,False
1171,272,252,Reviewed,2023-03-15,4.6,27895,,,,
1172,273,175,Reviewed,2023-05-16,2.3,5562,,,,
1173,273,136,Booked,2023-03-01,1.0,17580,1.0,Business,2.0,False
1174,273,98,Booked,2023-04-10,2.4,18094,4.0,Family_vacation,4.0,False
1175,273,87,Booked,2023-07-28,1.6,14430,6.0,Business,6.0,False
1176,273,98,Reviewed,2023-01-28,2.0,27141,,,,
1177,274,70,Booked,2023-01-25,5.0,46170,5.0,Leisure,5.0,False
1178,274,129,Booked,2023-05-27,3.7,5056,6.0,Leisure,22.0,False
1179,274,369,Booked,2023-10-26,5.0,23620,7.0,Leisure,19.0,False
1180,275,312,Booked,2023-12-03,5.0,24395,6.0,Business,2.0,False
1181,275,51,Booked,2023-12-13,2.6,13200,1.0,Leisure,0.0,False
1182,275,145,Booked,2023-10-02,2.8,18765,4.0,Leisure,1.0,False
1183,276,335,Booked,2023-10-19,5.0,10200,2.0,Leisure,1.0,False
1184,276,77,Reviewed,2023-04-25,5.0,9198,,,,
1185,276,323,Reviewed,2023-08-09,5.0,28620,,,,
1186,277,203,Booked,2023-11-15,3.5,48550,4.0,Business,15.0,False
1187,277,107,Reviewed,2023-08-23,5.0,10554,,,,
1188,277,313,Reviewed,2023-11-25,5.0,20864,,,,
1189,278,96,Reviewed,2023-09-24,3.0,10869,,,,
1190,278,113,Booked,2023-12-10,4.0,11136,6.0,Leisure,3.0,False
1191,278,356,Booked,2023-03-12,3.9,14420,7.0,Business,6.0,False
1192,278,146,Booked,2023-01-02,4.2,14724,6.0,Business,4.0,False
1193,278,153,Reviewed,2023-12-22,4.9,18532,,,,
1194,278,95,Reviewed,2023-06-24,3.5,9590,,,,
1195,279,195,Booked,2023-10-06,5.0,30284,6.0,Family_vacation,7.0,False
1196,279,173,Booked,2023-07-15,5.0,23739,4.0,Family_vacation,15.0,False
1197,279,347,Reviewed,2023-04-21,4.6,32892,,,,
1198,279,347,Booked,2023-02-20,5.0,16446,7.0,Business,14.0,False
1199,279,203,Booked,2023-10-20,5.0,9710,3.0,Family_vacation,20.0,False
1200,279,21,Reviewed,2023-07-24,4.3,15008,,,,
1201,279,212,Reviewed,2023-10-28,5.0,27873,,,,
1202,280,263,Booked,2023-01-21,5.0,13422,4.0,Family_vacation,8.0,True
1203,280,156,Booked,2023-12-08,3.4,20684,5.0,Business,9.0,False
1204,280,185,Reviewed,2023-02-02,5.0,4809,,,,
1205,281,203,Booked,2023-02-08,5.0,19420,7.0,Leisure,10.0,False
1206,281,203,Reviewed,2023-01-14,5.0,9710,,,,
1207,281,107,Reviewed,2023-07-12,5.0,52770,,,,
1208,281,203,Booked,2023-02-11,5.0,48550,1.0,Leisure,2.0,False
1209,281,236,Booked,2023-08-21,5.0,20104,7.0,Leisure,25.0,False
1210,281,353,Booked,2023-10-26,5.0,39668,6.0,Business,1.0,False
1211,282,260,Reviewed,2023-08-15,5.0,31892,,,,
1212,282,195,Reviewed,2023-03-25,5.0,30284,,,,
1213,282,260,Reviewed,2023-03-13,5.0,31892,,,,
1214,283,331,Booked,2023-06-26,4.6,10118,6.0,Leisure,0.0,False
1215,283,236,Booked,2023-08-31,5.0,10052,2.0,Business,10.0,False
1216,283,236,Booked,2023-02-04,5.0,30156,1.0,Business,1.0,False
1217,284,198,Booked,2023-04-10,4.9,33116,2.0,Business,18.0,False
1218,284,203,Booked,2023-06-10,5.0,19420,2.0,Business,10.0,False
1219,284,28,Reviewed,2023-02-25,5.0,6098,,,,
1220,285,138,Booked,2023-03-26,5.0,4730,5.0,Business,5.0,False
1221,285,36,Reviewed,2023-04-23,5.0,12460,,,,
1222,285,343,Booked,2023-09-20,5.0,25527,2.0,Leisure,6.0,False
1223,285,18,Booked,2023-07-12,5.0,13866,4.0,Business,21.0,False
1224,285,28,Booked,2023-06-01,5.0,30490,1.0,Leisure,16.0,False
1225,285,326,Booked,2023-10-24,2.9,12282,7.0,Leisure,19.0,False
1226,286,99,Reviewed,2023-01-28,3.2,7458,,,,
1227,286,373,Reviewed,2023-12-16,3.2,3646,,,,
1228,286,223,Booked,2023-07-23,3.6,3336,2.0,Leisure,22.0,False
1229,287,209,Booked,2023-02-08,2.8,6570,6.0,Business,2.0,False
1230,287,288,Reviewed,2023-10-29,3.7,6244,,,,
1231,287,381,Booked,2023-02-22,3.8,10023,5.0,Leisure,26.0,False
1232,287,372,Reviewed,2023-09-09,4.1,19325,,,,
1233,287,163,Booked,2023-08-13,4.4,17076,7.0,Leisure,10.0,False
1234,287,354,Booked,2023-10-04,5.0,4666,7.0,Leisure,16.0,False
1235,288,179,Reviewed,2023-08-19,5.0,6287,,,,
1236,288,288,Booked,2023-09-10,3.0,15610,5.0,Leisure,17.0,False
1237,288,248,Reviewed,2023-12-15,5.0,5164,,,,
1238,288,79,Booked,2023-09-02,3.7,21372,7.0,Leisure,0.0,False
1239,288,213,Booked,2023-07-27,4.2,14204,7.0,Leisure,10.0,False
1240,288,345,Reviewed,2023-01-02,4.0,11306,,,,
1241,288,23,Reviewed,2023-02-13,3.6,10140,,,,
1242,289,267,Reviewed,2023-03-23,5.0,29124,,,,
1243,289,392,Booked,2023-12-14,5.0,22338,1.0,Leisure,0.0,False
1244,289,71,Booked,2023-08-18,5.0,16755,4.0,Leisure,4.0,False
1245,290,393,Booked,2023-10-20,3.0,18945,4.0,Leisure,100.0,False
1246,290,118,Reviewed,2023-01-21,4.4,19360,,,,
1247,290,373,Booked,2023-12-16,3.2,14584,5.0,Leisure,9.0,False
1248,291,393,Reviewed,2023-01-20,4.9,3789,,,,
1249,291,368,Booked,2023-11-06,4.6,6754,6.0,Leisure,1.0,False
1250,291,368,Booked,2023-11-03,4.7,10131,5.0,Leisure,0.0,False
1251,292,220,Booked,2023-11-09,4.3,5444,6.0,Business,20.0,False
1252,292,317,Reviewed,2023-11-17,4.3,23276,,,,
1253,292,174,Reviewed,2023-01-19,5.0,37720,,,,
1254,293,236,Booked,2023-08-18,5.0,20104,5.0,Leisure,2.0,False
1255,293,107,Booked,2023-01-14,5.0,42216,3.0,Leisure,7.0,True
1256,293,313,Booked,2023-11-11,5.0,41728,4.0,Leisure,22.0,False
1257,293,107,Booked,2023-11-16,5.0,42216,5.0,Leisure,8.0,False
1258,293,107,Reviewed,2023-03-08,5.0,52770,,,,
1259,294,192,Booked,2023-11-26,4.5,41635,1.0,Family_vacation,4.0,False
1260,294,15,Booked,2023-11-17,5.0,26091,1.0,Family_vacation,7.0,False
1261,294,115,Reviewed,2023-12-06,5.0,27753,,,,
1262,295,181,Booked,2023-06-19,5.0,33355,1.0,Business,21.0,False
1263,295,31,Booked,2023-05-24,5.0,14226,7.0,Leisure,8.0,False
1264,295,71,Booked,2023-05-18,4.4,27925,4.0,Leisure,2.0,False
1265,295,400,Reviewed,2023-06-30,5.0,33490,,,,
1266,295,93,Booked,2023-05-31,2.3,7232,6.0,Leisure,14.0,False
1267,296,16,Booked,2023-04-24,5.0,11816,5.0,Leisure,1.0,False
1268,296,139,Booked,2023-02-22,2.9,7652,3.0,Business,1.0,False
1269,296,145,Booked,2023-06-17,2.7,11259,6.0,Leisure,4.0,False
1270,297,104,Booked,2023-10-22,3.1,19970,2.0,Leisure,7.0,False
1271,297,360,Booked,2023-09-29,3.8,10473,1.0,Leisure,4.0,False
1272,297,238,Booked,2023-09-16,4.2,14876,3.0,Leisure,23.0,False
1273,297,294,Booked,2023-09-23,3.2,13188,7.0,Leisure,1.0,True
1274,297,117,Reviewed,2023-06-14,4.0,11694,,,,
1275,297,99,Booked,2023-05-14,3.2,7458,3.0,Leisure,111.0,False
1276,297,381,Reviewed,2023-12-12,4.2,16705,,,,
1277,298,107,Booked,2023-02-27,5.0,52770,4.0,Business,0.0,False
1278,298,331,Booked,2023-12-27,4.2,20236,3.0,Leisure,30.0,False
1279,298,203,Booked,2023-07-06,4.0,29130,1.0,Business,56.0,False
1280,299,53,Booked,2023-03-30,4.6,14244,7.0,Leisure,3.0,False
1281,299,48,Booked,2023-09-26,4.2,18996,4.0,Leisure,13.0,True
1282,299,286,Booked,2023-11-14,5.0,13316,6.0,Leisure,1.0,False
1283,299,164,Reviewed,2023-02-14,5.0,17058,,,,
1284,299,369,Booked,2023-04-01,4.7,29525,5.0,Leisure,2.0,False
1285,299,158,Reviewed,2023-10-30,5.0,42030,,,,
1286,300,209,Reviewed,2023-05-20,4.1,6570,,,,
1287,300,81,Booked,2023-09-21,5.0,13509,4.0,Leisure,0.0,False
1288,300,17,Booked,2023-06-19,5.0,23716,4.0,Business,0.0,False
