hotel_name,rating,rating_description,review_count,star_rating,location,nearest_landmark,Distance_to_Landmark,Distance_to_Landmark(in_km),price_per_night,tax,city,state
The Park Bangalore,3.9,Very Good,4187,5,Ulsoor,,,,7567,2254,Bangalore,Karnataka
"Keys Select by Lemon Tree Hotels, Whitefield, Bengaluru",4,Very Good,2201,4,Brookefield,,,,1509,531,Bangalore,Karnataka
ITC Windsor - A Luxury Collection Hotel,4.4,Excellent,1315,5,Vasanth Nagar ,Bangalore Palace,2.4 km ,2.4,9900,,Bangalore,Karnataka
Lemon Tree Premier Ulsoor Lake Bangalore,4,Very Good,5089,5,Sivanchetti Gardens ,Ulsoor Lake,770 m ,0.77,2347,918,Bangalore,Karnataka
"Keys Select by Lemon Tree Hotels, Hosur Road, Bengaluru",4,Very Good,3290,4,Hosur road,,,,2522,1014,Bangalore,Karnataka
The Chancery Pavilion,3.8,Very Good,4764,5,Ashok Nagar ,MG Road,2.4 km ,2.4,6580,1540,Bangalore,Karnataka
Radisson Blu Atria Bengaluru,4.3,Excellent,2372,5,Palace road,,,,10200,,Bangalore,Karnataka
Lemon Tree Hotel Electronics City Bangalore,4.1,Very Good,2314,4,Electronic City,,,,2598,1016,Bangalore,Karnataka
"Welcomhotel by ITC Hotels, Richmond Road, Bengaluru",4.3,Excellent,2076,5,Richmond road,,,,7700,,Bangalore,Karnataka
Grand Mercure Bangalore - An Accor Brand,4.3,Excellent,426,5,Koramangala,,,,9700,,Bangalore,Karnataka
Holiday Inn Express Bengaluru Yeshwantpur,3.7,Very Good,1602,3,Tumkur road,,,,3680,480,Bangalore,Karnataka
goSTOPS Bengaluru - Rooms & Dorms,4.2,Very Good,500,,Gandhi Nagar,,,,1098,269,Bangalore,Karnataka
Holiday Inn Bengaluru Racecourse,4,Very Good,2156,5,Gandhi Nagar,,,,7249,,Bangalore,Karnataka
Fortune Select JP Cosmos - Member ITC Hotel Group,4,Very Good,2944,5,Vasanth Nagar ,Bangalore Palace,2.9 km ,2.9,5999,,Bangalore,Karnataka
Hyatt Centric MG Road Bangalore,4.2,Very Good,1162,5,Ulsoor,,,,6250,,Bangalore,Karnataka
Ibis Bengaluru City Centre - An Accor Brand,3.9,Very Good,1805,4,Sampangi Rama Nagar ,Cubbon Park,1.8 km ,1.8,4299,,Bangalore,Karnataka
"The Fern Residency - Yeshwanthpur, Bengaluru",4,Very Good,1618,4,Tumkur road,,,,4112,831,Bangalore,Karnataka
Ashraya International Hotel,3.7,Very Good,664,3,Infantry Road ,MG Road,2.3 km ,2.3,2792,564,Bangalore,Karnataka
Davanam Sarovar Portico Suites,4.3,Excellent,1865,4,Koramangala,,,,5076,1026,Bangalore,Karnataka
"Taj M G Road, Bengaluru",4.6,Excellent,1715,5,Sivanchetti Gardens ,MG Road,2.9 km ,2.9,9000,,Bangalore,Karnataka
Draper Startup House Koramangala | Dorms & Rooms,4.4,Excellent,222,,Koramangala,,,,1113,294,Bangalore,Karnataka
The Lalit Ashok Bangalore,3.8,Very Good,2542,5,Seshadripuram,,,,6698,1354,Bangalore,Karnataka
"Vivanta Bengaluru, Residency Road",4.3,Excellent,1022,5,Residency Road ,MG Road,1.5 km ,1.5,7000,,Bangalore,Karnataka
ibis Bengaluru Hebbal - An Accor Brand,4.1,Very Good,237,4,Hebbal,,,,4499,,Bangalore,Karnataka
Vividus,4.2,Very Good,1791,5,Gandhi Nagar,,,,6547,2156,Bangalore,Karnataka
Citrus Hotel Cunningham,4.1,Very Good,1869,5,Cunningham Road ,Indira Gandhi Musical Fountain Park,780 m ,0.78,3934,1075,Bangalore,Karnataka
Citrus Classic Bengaluru,3.9,Very Good,527,4,Outer Ring Road,,,,3575,977,Bangalore,Karnataka
"Taj Yeshwantpur, Bengaluru",4.6,Excellent,2138,5,Tumkur road,,,,7500,,Bangalore,Karnataka
Lemon Tree Hotel Whitefield,4.1,Very Good,2327,4,Brookefield,,,,2347,843,Bangalore,Karnataka
"Golden Lotus Bangalore Boutique Suites | Rooms & Garden
Like a 3",3.8,Very Good,865,,Richmond road ,MG Road,3.0 km ,3,2660,754,Bangalore,Karnataka
Ramada Encore,4.4,Excellent,4271,4,Domlur Layout,,,,5640,1140,Bangalore,Karnataka
Ibis Bengaluru Hosur Road - An Accor Brand,3.9,Very Good,1381,3,Hosur road,,,,4499,,Bangalore,Karnataka
"The Oberoi, Bengaluru",4.7,Excellent,1565,5,Ulsoor,,,,11500,,Bangalore,Karnataka
Holiday Inn Express Bengaluru Whitefield ITPL,3.5,Very Good,1242,3,Whitefield,,,,3399,,Bangalore,Karnataka
The Hosteller Bangalore Brigade Road,,,,,Ashok Nagar ,MG Road,2.2 km ,2.2,1330,315,Bangalore,Karnataka
Ginger Bangalore (IRR),3.6,Very Good,1639,3,Domlur Layout,,,,1689,,Bangalore,Karnataka
Gokulam Grand Hotel & Spa,4.1,Very Good,1537,5,Mathikere,,,,6409,1295,Bangalore,Karnataka
Bloom Hotel - Airport Road Bengaluru,4.4,Excellent,191,3,Near Bangalore Airport ,Kempegowda Airport ,7.7 km ,7.7,4000,,Bangalore,Karnataka
Hotel Ramanashree Richmond Circle,3.8,Very Good,686,3,Sampangi Rama Nagar ,Cubbon Park,2.1 km ,2.1,2792,564,Bangalore,Karnataka
"SRS Suites
Like a 3",4.4,Excellent,20,,Koramangala,,,,3178,806,Bangalore,Karnataka
JP CORDIAL,3.7,Very Good,1750,3,Majestic,,,,2726,638,Bangalore,Karnataka
Taj Bangalore,4.6,Excellent,1172,5,Near Bangalore Airport ,Kempegowda Airport ,900 m ,0.9,11750,,Bangalore,Karnataka
Radisson Bengaluru City Center,4.5,Excellent,1283,4,Ulsoor,,,,7500,,Bangalore,Karnataka
The Pride Hotel Bangalore,3.8,Very Good,1526,4,Richmond road ,Cubbon Park,2.6 km ,2.6,4599,552,Bangalore,Karnataka
BloomSuites | Electronic City,4.1,Very Good,643,4,Electronic City,,,,5000,,Bangalore,Karnataka
Southern Star Bangalore,3.9,Very Good,1320,4,Ashok Nagar ,MG Road,910 m ,0.91,3082,872,Bangalore,Karnataka
Royal Orchid Central Bangalore,3.7,Very Good,3836,4,Ulsoor ,MG Road,2.3 km ,2.3,5823,699,Bangalore,Karnataka
Shivas Galaxy Hotel,4.1,Very Good,963,4,Near Bangalore Airport ,Kempegowda Airport ,8.2 km ,8.2,2900,604,Bangalore,Karnataka
"The Bouvice
Like a 3",4.2,Very Good,151,,Koramangala,,,,2279,624,Bangalore,Karnataka
JW Marriott Bengaluru Prestige Golfshire Resort and Spa,4.7,Excellent,100,5,In Devanhalli ,Bangalore city centre,52.0 km ,52,25000,,Bangalore,Karnataka
La Sara Grand (Formerly Known as Nandhana Grand),4,Very Good,838,3,Koramangala,,,,2939,752,Bangalore,Karnataka
Zone By The Park Infantry,3.9,Very Good,762,5,Infantry Road ,MG Road,1.9 km ,1.9,4252,1021,Bangalore,Karnataka
The Chancery,3.9,Very Good,2155,4,Ashok Nagar ,MG Road,980 m ,0.98,4230,990,Bangalore,Karnataka
Nash Inn Electronic City,3.1,Good,321,,Electronic City,,,,979,268,Bangalore,Karnataka
Radisson Blu Bengaluru Outer Ring Road,4.2,Very Good,1159,5,Outer Ring Road,,,,8000,,Bangalore,Karnataka
"Ginger Bangalore, Whitefield",3.7,Very Good,1198,3,Brookefield,,,,1884,,Bangalore,Karnataka
Hotel Royal Orchid Bangalore,3.9,Very Good,2185,5,Domlur Layout,,,,7268,872,Bangalore,Karnataka
"The Hosteller Bangalore, Koramangala",4.3,Excellent,13,,Koramangala,,,,1295,294,Bangalore,Karnataka
Silicon City Hotel,3.4,Good,695,4,Hosur road,,,,1586,418,Bangalore,Karnataka
Country Inn And Suites By Radisson Bengaluru Hebbal,3.8,Very Good,1928,4,Hebbal,,,,3500,,Bangalore,Karnataka
Octave Himalaya Monarch,4,Very Good,2624,3,Gandhi Nagar,,,,1645,333,Bangalore,Karnataka
Greenpark Bengaluru,4.7,Excellent,62,4,Bannerghatta Main road,,,,6345,1350,Bangalore,Karnataka
ITC Gardenia - A Luxury Collection Hotel,4.5,Excellent,1389,5,Ashok Nagar ,MG Road,2.1 km ,2.1,11700,,Bangalore,Karnataka
The Continentti Whitefield,4,Very Good,1189,3,Brookefield,,,,2791,564,Bangalore,Karnataka
The Monarch Luxur,3.9,Very Good,775,4,Infantry Road ,MG Road,1.6 km ,1.6,3723,752,Bangalore,Karnataka
Ballal Residency,3.9,Very Good,875,3,Residency Road ,MG Road,2.3 km ,2.3,3084,836,Bangalore,Karnataka
Hibernest Indiranagar,4.2,Very Good,142,,Indiranagar,,,,1005,325,Bangalore,Karnataka
Fortune Park JP Celestial-Member ITC Hotel Group,3.8,Very Good,1876,4,Gandhi Nagar,,,,5292,,Bangalore,Karnataka
"Click Hotel Bangalore, International Airport",4.2,Very Good,438,3,Near Bangalore Airport ,Kempegowda Airport ,8.0 km ,8,3510,421,Bangalore,Karnataka
Omatra Hotel HSR,3.4,Good,91,,Outer Ring Road,,,,2194,539,Bangalore,Karnataka
Svenska Design Hotel,3.3,Good,627,,Electronic City,,,,1999,642,Bangalore,Karnataka
Peninsula Suites,3.9,Very Good,1341,4,Whitefield,,,,2264,306,Bangalore,Karnataka
Iris Hotel & Spa Bangalore,4.1,Very Good,1016,4,Residency Road ,MG Road,2.1 km ,2.1,5330,1247,Bangalore,Karnataka
SM Royal Stay Hotel near Intl Airport Bangalore,4.2,Very Good,47,3,Near Bangalore Airport ,Kempegowda Airport ,5.0 km ,5,1692,360,Bangalore,Karnataka
"Halcyon Residences
Like a 3",3.8,Very Good,613,,Koramangala,,,,2759,755,Bangalore,Karnataka
Shangri-La Bengaluru,4.5,Excellent,584,5,Palace road ,Bangalore Palace,1.9 km ,1.9,13500,,Bangalore,Karnataka
The Leela Bhartiya City Bengaluru,4.6,Excellent,213,5,Tirumanahalli,,,,11000,,Bangalore,Karnataka
"Holiday Inn Express & Suites, OMR Bengaluru",4.1,Very Good,526,4,Whitefield,,,,3999,,Bangalore,Karnataka
Fairfield By Marriott Bengaluru Rajajinagar,3.9,Very Good,883,4,Rajajinagar,,,,5400,,Bangalore,Karnataka
The Zuri Whitefield,4.3,Excellent,662,5,Whitefield,,,,6501,780,Bangalore,Karnataka
MAYBAACH HOTELS,4.1,Very Good,79,3,Marathahalli,,,,2820,660,Bangalore,Karnataka
Regenta Place Bangalore by Royal Orchid Hotels Limited,3.5,Very Good,923,4,Shivaji Nagar ,MG Road,2.2 km ,2.2,2848,342,Bangalore,Karnataka
Icon Business Hotel by Bhagini,3.6,Very Good,1024,3,HAL old airport road,,,,2300,465,Bangalore,Karnataka
Sterlings Mac Hotel & Suites,4.1,Very Good,732,5,HAL old airport road,,,,6768,1368,Bangalore,Karnataka
Nexstay Kites Inn,4.3,Excellent,36,3,Hosur road,,,,2799,,Bangalore,Karnataka
The Leela Palace Bengaluru,4.5,Excellent,1048,5,HAL old airport road,,,,16500,,Bangalore,Karnataka
Omatra Infantry Road | Rooms in a Homestay,3.8,Very Good,319,,Infantry Road ,MG Road,1.4 km ,1.4,2098,554,Bangalore,Karnataka
Bloom Hotel HSR Layout Sector 3,3.9,Very Good,24,3,HSR Layout,,,,5500,,Bangalore,Karnataka
NOOR EMPIRE INTERNATIONAL,3.7,Very Good,1552,3,Koramangala,,,,2776,752,Bangalore,Karnataka
Attide Biz,3.5,Very Good,468,3,Hebbal,,,,2835,693,Bangalore,Karnataka
Stayhome Classic,4.3,Excellent,285,,Bilekahalli,,,,2345,642,Bangalore,Karnataka
DoubleTree Suites by Hilton,4.3,Excellent,849,5,Outer Ring Road,,,,9500,,Bangalore,Karnataka
Bloomrooms @ Indiranagar,4.1,Very Good,874,3,Indiranagar,,,,4300,,Bangalore,Karnataka
RG Royal Hotel,4.2,Very Good,875,4,Yeshwanthpur,,,,3666,741,Bangalore,Karnataka
Four Seasons Hotel Bengaluru at Embassy One,4.8,Excellent,302,5,Ganganagar ,Palace Grounds,990 m ,0.99,14875,,Bangalore,Karnataka
Ramee Strand inn,3,Good,348,3,Hosur road,,,,1505,396,Bangalore,Karnataka
Shravanthi Sarovar Portico JP Nagar,3.6,Very Good,139,4,Outer Ring Road,,,,3977,804,Bangalore,Karnataka
"Vivanta Bengaluru, Whitefield",4.3,Excellent,959,5,Whitefield,,,,7500,,Bangalore,Karnataka
"Melange Astris
Like a 3",4.1,Very Good,1006,,Richmond road ,Cubbon Park,2.5 km ,2.5,4300,969,Bangalore,Karnataka
Octave Church Inn,3.5,Very Good,712,3,Church Street ,MG Road,94 m ,0.094,1669,337,Bangalore,Karnataka
Mastiff Infantry Bengaluru,4,Very Good,221,3,Infantry Road ,MG Road,1.8 km ,1.8,1865,569,Bangalore,Karnataka
"Taj Club House, Chennai",4.3,Excellent,2000,5,Royapettah,,,,6390,767,Chennai,Tamil Nadu
The Park Chennai,3.7,Very Good,8366,5,Near US Consulate,,,,7198,2167,Chennai,Tamil Nadu
"Taj Fisherman's Cove Resort & Spa, Chennai",4.3,Excellent,1856,5,Covelong ,city centre,36.3 km ,36.3,12555,2260,Chennai,Tamil Nadu
Hotel Savera,4,Very Good,7458,4,Mylapore,,,,4612,1091,Chennai,Tamil Nadu
Ibis Chennai OMR - An Accor Brand,4.1,Very Good,2545,4,Sholinganallur,,,,3345,,Chennai,Tamil Nadu
"Taj Coromandel, Chennai",4.5,Excellent,784,5,Near US Consulate,,,,11200,,Chennai,Tamil Nadu
Courtyard by Marriott Chennai,4.2,Very Good,1208,4,Mount road,,,,7500,,Chennai,Tamil Nadu
Radisson Blu Hotel Chennai City Centre,4.3,Excellent,3991,5,Egmore,,,,9443,,Chennai,Tamil Nadu
FIRST INN HOTELS,3.8,Very Good,214,,Perungudi,,,,2907,594,Chennai,Tamil Nadu
Ibis Chennai City Centre - An Accor Brand,3.9,Very Good,2213,3,Mount road ,Thousand Lights Mosque,540 m ,0.54,5299,,Chennai,Tamil Nadu
Rohaan Inns - UPAR Ashok Nagar,4.1,Very Good,179,,Ashok Nagar ,Chennai Airport,9.4 km ,9.4,1771,495,Chennai,Tamil Nadu
"Vivanta Chennai, IT Expressway",4.4,Excellent,1601,5,Sholinganallur,,,,7360,,Chennai,Tamil Nadu
"Taj Connemara, Chennai",4.5,Excellent,1215,5,Chennai,,,,7600,1368,Chennai,Tamil Nadu
Four Points by Sheraton Chennai OMR,4.1,Very Good,2314,4,Sholinganallur,,,,5859,1197,Chennai,Tamil Nadu
Ramada Plaza by Wyndham,4.5,Excellent,3185,5,Saidapet ,Chennai Airport,7.6 km ,7.6,7533,2554,Chennai,Tamil Nadu
Citadines OMRChennai,4.4,Excellent,1714,5,Sholinganallur,,,,11340,,Chennai,Tamil Nadu
The Leela Palace Chennai,4.5,Excellent,1261,5,Raja Annamalai Puram,,,,10800,,Chennai,Tamil Nadu
"The Raintree, Annasalai",4.4,Excellent,2376,5,Mount road,,,,7299,,Chennai,Tamil Nadu
Hablis,4.2,Very Good,4529,4,Mount road ,Chennai Airport,5.9 km ,5.9,5271,1124,Chennai,Tamil Nadu
Novotel Chennai Chamiers Road,4.3,Excellent,1002,5,Nandanam,,,,7391,,Chennai,Tamil Nadu
The Residency,4.2,Very Good,1714,4,T Nagar,,,,5336,1455,Chennai,Tamil Nadu
The Residency Towers,4.3,Excellent,1151,5,T Nagar,,,,6696,1826,Chennai,Tamil Nadu
Novotel Chennai OMR - An Accor Brand,4.3,Excellent,1001,5,Sholinganallur,,,,6134,,Chennai,Tamil Nadu
Hotel Southern Comfort ( Chennai Airport ),3.6,Very Good,2962,3,Chennai Airport ,Chennai Airport,1.3 km ,1.3,2870,757,Chennai,Tamil Nadu
Lemon Tree Hotel Chennai,3.6,Very Good,3059,4,Saidapet ,Chennai Airport,7.8 km ,7.8,2487,903,Chennai,Tamil Nadu
The Pride Hotel Chennai,3.6,Very Good,1911,4,Kilpauk,,,,3399,408,Chennai,Tamil Nadu
"Ginger Chennai, Vadapalani",3.5,Very Good,2282,3,Vadapalani,,,,2699,,Chennai,Tamil Nadu
UPAR Nungambakkam,4.1,Very Good,281,,Nungambakkam,,,,2716,633,Chennai,Tamil Nadu
Ginger Chennai,3.5,Very Good,2071,3,Tharamani,,,,3299,,Chennai,Tamil Nadu
Holiday Inn Express Chennai OMR Thoraipakkam,3.5,Very Good,2087,4,Thoraipakkam,,,,3680,480,Chennai,Tamil Nadu
Raj Park Chennai,3.6,Very Good,1158,4,Teynampet,,,,3953,935,Chennai,Tamil Nadu
"UPAR Uthandi, ECR
Like a 3",3.6,Very Good,94,,East Coast Road (ECR),,,,1317,397,Chennai,Tamil Nadu
Hotel Abu Palace,3.4,Good,1592,4,Purasawalkam ,Chennai Egmore Railway Station,920 m ,0.92,2947,789,Chennai,Tamil Nadu
Ramada Chennai Egmore,3.9,Very Good,4600,4,Egmore,,,,4557,1078,Chennai,Tamil Nadu
Hyatt Regency Chennai,4.1,Very Good,1152,5,Teynampet,,,,7499,,Chennai,Tamil Nadu
"Lemon Tree Hotel, Shimona, Chennai",4,Very Good,1288,4,Manapakkam ,Chennai Airport,9.0 km ,9,2819,1115,Chennai,Tamil Nadu
Trident Chennai,4.5,Excellent,1140,5,Chennai Airport ,Chennai Airport,3.0 km ,3,12750,,Chennai,Tamil Nadu
Holiday Inn Chennai OMR IT Expressway,4.2,Very Good,1676,5,Thiruvanmiyur,,,,7499,,Chennai,Tamil Nadu
Ibis Chennai SIPCOT - An Accor Brand,4,Very Good,1479,3,Egatoor ,city centre,31.2 km ,31.2,3299,,Chennai,Tamil Nadu
The Accord Metropolitan,4.1,Very Good,2220,5,T Nagar,,,,6500,1957,Chennai,Tamil Nadu
Park Hyatt Chennai,4.5,Excellent,525,5,Guindy ,Chennai Airport,7.8 km ,7.8,9000,,Chennai,Tamil Nadu
OYO Home Fantasea Uthandi Near Juhu Beach,1.9,Poor,7,,Uthandi,,,,769,40,Chennai,Tamil Nadu
Gokulam Park Sabari - Siruseri SIPCOT,4.2,Very Good,1271,4,Navallur,,,,5719,1244,Chennai,Tamil Nadu
BOULEVARD BY DESIGN HOTEL,4.1,Very Good,821,4,Velachery ,Chennai Airport,8.7 km ,8.7,4860,1026,Chennai,Tamil Nadu
Fairfield by Marriott Chennai OMR,4.2,Very Good,983,4,Sholinganallur,,,,4850,,Chennai,Tamil Nadu
ITC Grand Chola - A Luxury Collection Hotel,4.4,Excellent,2603,5,Guindy ,Chennai Airport,7.8 km ,7.8,12500,,Chennai,Tamil Nadu
The Ambassador Pallava,4,Very Good,1926,4,Egmore,,,,8079,2432,Chennai,Tamil Nadu
Le Royal Meridien,3.9,Very Good,1968,5,Mount road ,Chennai Airport,5.6 km ,5.6,9000,,Chennai,Tamil Nadu
"Taj Wellington Mews, Chennai",4.7,Excellent,327,5,Tharamani,,,,10560,,Chennai,Tamil Nadu
Novotel Chennai Sipcot - An Accor Brand,4.3,Excellent,855,5,Egatoor ,city centre,31.6 km ,31.6,8138,,Chennai,Tamil Nadu
The Mount Manor,3.4,Good,874,3,Chennai Airport ,Chennai Airport,3.8 km ,3.8,2350,634,Chennai,Tamil Nadu
Green Park Chennai,4.2,Very Good,1503,5,Vadapalani,,,,6696,1368,Chennai,Tamil Nadu
Mango Hill central Chennai,3.2,Good,196,3,T Nagar,,,,3314,677,Chennai,Tamil Nadu
Venture Park,3.5,Very Good,1192,3,Thoraipakkam,,,,1315,339,Chennai,Tamil Nadu
Grand Chennai by GRT Hotels,4.5,Excellent,1535,5,T Nagar,,,,8550,1710,Chennai,Tamil Nadu
"Season 4 Residences, Nungambakkam",3.7,Very Good,101,,Near US Consulate,,,,2591,620,Chennai,Tamil Nadu
Ginger Chennai OMR,4.5,Excellent,161,3,Navallur,,,,2479,,Chennai,Tamil Nadu
Hotel Pandian,3.5,Very Good,2322,2,Egmore,,,,1595,342,Chennai,Tamil Nadu
Hilton Chennai,4.3,Excellent,811,5,Guindy ,Chennai Airport,8.2 km ,8.2,11000,,Chennai,Tamil Nadu
FORTEL,3.5,Very Good,502,,Egmore,,,,3118,703,Chennai,Tamil Nadu
Royal Park,3.1,Good,10,,Near Marina Beach,,,,1351,407,Chennai,Tamil Nadu
Fairfield by Marriott Chennai Mahindra World City,4.2,Very Good,442,4,Mahindra World City ,city centre,45.7 km ,45.7,5533,1130,Chennai,Tamil Nadu
Crossway Parklane Airport Hotel,3.2,Good,517,3,Meenambakkam ,Chennai Airport,2.9 km ,2.9,2544,574,Chennai,Tamil Nadu
Hotel Ashok Residency,3.7,Very Good,559,3,Porur,,,,4290,933,Chennai,Tamil Nadu
Hotel Greens Gate (Near Central station),3.6,Very Good,1869,,Poongavanapuram,,,,1887,498,Chennai,Tamil Nadu
HOTEL RANJITH,4,Very Good,159,3,Near US Consulate,,,,5208,1064,Chennai,Tamil Nadu
"Welcomhotel by ITC Hotels, GST Road, Chennai",4.2,Very Good,510,5,Singaperumal Koil ,city centre,43.6 km ,43.6,7200,,Chennai,Tamil Nadu
Regenta Central RS Chennai SIPCOT OMR,4.4,Excellent,740,4,Egatoor ,city centre,31.6 km ,31.6,3824,459,Chennai,Tamil Nadu
CRESCENT PARK (near US Consulate Chennai),4.1,Very Good,284,3,Nungambakkam,,,,2307,471,Chennai,Tamil Nadu
Harrisons,4,Very Good,604,3,Nungambakkam,,,,3906,798,Chennai,Tamil Nadu
MGM Beach Resorts (15Kms before Mahabalipuram),3.9,Very Good,2900,4,Muttukadu ,city centre,31.8 km ,31.8,25110,7812,Chennai,Tamil Nadu
PARK PLAZA CHENNAI OMR,4,Very Good,198,5,Thoraipakkam,,,,4200,,Chennai,Tamil Nadu
Feathers A Radha Hotel Chennai,4.3,Excellent,447,5,Manapakkam ,Chennai Airport,9.7 km ,9.7,8999,,Chennai,Tamil Nadu
V7 HOTEL,3.2,Good,1120,3,Porur,,,,3667,896,Chennai,Tamil Nadu
"Keys Select by Lemon Tree Hotels, Katti-Ma, Chennai",3.7,Very Good,400,3,Adyar,,,,2240,796,Chennai,Tamil Nadu
Hostel Gandhi,4.2,Very Good,109,,Saidapet ,Chennai Airport,8.0 km ,8,1307,107,Chennai,Tamil Nadu
Grand Cascade,3.6,Very Good,1402,3,Poongavanapuram ,Chennai Central Railway Station,730 m ,0.73,2052,502,Chennai,Tamil Nadu
Days Hotel Chennai OMR,4.3,Excellent,392,4,Kelambakkam ,city centre,35.3 km ,35.3,2767,565,Chennai,Tamil Nadu
PP Residency,4,Very Good,421,,Chennai ,city centre,35.0 km ,35,2768,713,Chennai,Tamil Nadu
Highnest | Rooms & Caretaker,3.5,Very Good,52,,Kattankolatur R.F. ,city centre,40.6 km ,40.6,2815,633,Chennai,Tamil Nadu
Grand Elegant,3.9,Very Good,1064,,Poongavanapuram,,,,2046,418,Chennai,Tamil Nadu
Accord Chrome,4.5,Excellent,217,,Chromepet ,Chennai Airport,5.4 km ,5.4,6975,1425,Chennai,Tamil Nadu
AVENUE HOTEL -CHENNAI AIRPORT,3.6,Very Good,1338,,Pallavaram ,Chennai Airport,3.1 km ,3.1,2671,546,Chennai,Tamil Nadu
La Woods hotel (1Km from us consulate chennai),4,Very Good,323,,Mount road,,,,3360,403,Chennai,Tamil Nadu
E Hotel,4.1,Very Good,590,4,Royapettah,,,,6749,810,Chennai,Tamil Nadu
Hotel Bakya Slot - Maraimalai Nagar,3.6,Very Good,210,3,Maraimalai Nagar ,city centre,37.4 km ,37.4,2046,484,Chennai,Tamil Nadu
Pharos Hotels,4.3,Excellent,73,3,Nungambakkam,,,,4650,1100,Chennai,Tamil Nadu
Al Noor Palace,4,Very Good,290,,Triplicane ,Marina Beach,1.8 km ,1.8,2093,428,Chennai,Tamil Nadu
JS Five two By twinstar hotel,4,Very Good,68,,Raja Annamalai Puram,,,,3794,976,Chennai,Tamil Nadu
HOTEL HALEZ,4.3,Excellent,490,,Sholinganallur,,,,3800,456,Chennai,Tamil Nadu
Essentia Premier Hotel,4.1,Very Good,63,4,Thoraipakkam,,,,3989,479,Chennai,Tamil Nadu
ILARA Hotel & Spa,4,Very Good,785,3,Navallur,,,,2650,576,Chennai,Tamil Nadu
The Centrepoint OMR,3.8,Very Good,886,3,Sholinganallur,,,,3322,723,Chennai,Tamil Nadu
"KLASE HOTELS, GUINDY",3.3,Good,260,3,Mount road ,Chennai Airport,8.4 km ,8.4,2914,768,Chennai,Tamil Nadu
Just Guest House,4,Very Good,745,,Pazhavanthangal ,Chennai Airport,4.0 km ,4,3149,811,Chennai,Tamil Nadu
GRAND OLIVER,3.6,Very Good,490,,Poongavanapuram,,,,1243,302,Chennai,Tamil Nadu
"Pebbles Serviced Apartments
Like a 3",4.2,Very Good,179,,T Nagar,,,,2349,547,Chennai,Tamil Nadu
Mercure Chennai Sriperumbudur - An Accor Brand,4.2,Very Good,70,5,Oragadam ,city centre,43.0 km ,43,5900,,Chennai,Tamil Nadu
ZAITH RESIDENCY,3.4,Good,243,,Thousand Lights,,,,2355,635,Chennai,Tamil Nadu
Mount Kailash Suites,4,Very Good,422,3,Mount road ,Chennai Airport,9.2 km ,9.2,2516,615,Chennai,Tamil Nadu
The Mount City near US Consulate,3.6,Very Good,395,,Triplicane ,Marina Beach,2.9 km ,2.9,1748,460,Chennai,Tamil Nadu
"Country Inn and Suites by Radisson, Sahibabad",4.2,Very Good,15697,5,In Ghaziabad ,Delhi city centre,30.0 km ,30,6249,,New Delhi,Delhi
Radisson Blu Kaushambi Delhi NCR,4,Very Good,1826,5,In Ghaziabad ,Delhi city centre,28.0 km ,28,5039,605,New Delhi,Delhi
The Ashok,3.8,Very Good,5694,5,Chanakyapuri ,T1 - Delhi Airport (IGI Airport),9.8 km ,9.8,6288,,New Delhi,Delhi
Pride Plaza Hotel Aerocity New Delhi,4,Very Good,7275,5,Aerocity ,Indira Gandhi International Airport,4.0 km ,4,6499,780,New Delhi,Delhi
"Golden Tulip Vasundhara Hotel & Suites, Delhi NCR",3.9,Very Good,2057,4,In Ghaziabad ,Delhi city centre,31.0 km ,31,3386,871,New Delhi,Delhi
"Welcomhotel by ITC Hotels, Dwarka, New Delhi",4,Very Good,9348,5,Sector 10 Dwarka,,,,6223,,New Delhi,Delhi
Holiday Inn New Delhi International Airport,4.2,Very Good,5734,5,Aerocity ,Indira Gandhi International Airport,3.8 km ,3.8,6999,,New Delhi,Delhi
Novotel New Delhi International Airport- An Accor hotels brand,4.1,Very Good,4534,5,Aerocity ,Indira Gandhi International Airport,4.2 km ,4.2,7250,,New Delhi,Delhi
The Suryaa New Delhi,4.1,Very Good,4314,5,New Friends Colony,,,,5348,1092,New Delhi,Delhi
The Hosteller Delhi | Private Rooms & Dorms,4.3,Excellent,795,,New Friends Colony,,,,2228,503,New Delhi,Delhi
The LaLiT New Delhi,4.1,Very Good,7908,5,Connaught Place,,,,9040,2430,New Delhi,Delhi
Radisson Blu Plaza Delhi Airport,4.3,Excellent,7275,5,Mahipalpur ,Indira Gandhi International Airport,5.2 km ,5.2,4500,765,New Delhi,Delhi
Roseate House New Delhi,4.4,Excellent,9130,5,Aerocity ,Indira Gandhi International Airport,3.5 km ,3.5,9649,1737,New Delhi,Delhi
Lemon Tree Hotel East Delhi Mall Kaushambi,3.9,Very Good,1550,4,In Ghaziabad ,Delhi city centre,24.0 km ,24,2073,752,New Delhi,Delhi
YWCA OF DELHI BLUE TRIANGLE FAMILY HOSTEL,3.9,Very Good,505,,Connaught Place ,Metro Museum,690 m ,0.69,2620,770,New Delhi,Delhi
Hotel Trans International,4.2,Very Good,6933,4,Mahipalpur ,Indira Gandhi International Airport,4.3 km ,4.3,2274,465,New Delhi,Delhi
The Leela Ambience Convention Hotel Delhi,4.4,Excellent,3845,5,East Delhi,,,,7499,,New Delhi,Delhi
Jaypee Vasant Continental Hotel,4,Very Good,1696,5,Vasant Vihar ,T1 - Delhi Airport (IGI Airport),7.6 km ,7.6,5999,,New Delhi,Delhi
YWCA INTERNATIONAL GUEST HOUSE,3.8,Very Good,412,,Connaught Place ,India Gate,3.0 km ,3,2408,648,New Delhi,Delhi
Holiday Inn New Delhi Mayur Vihar,4.1,Very Good,2935,5,East Delhi,,,,6249,,New Delhi,Delhi
Lemon Tree Premier Delhi Airport,3.9,Very Good,9726,4,Aerocity ,Indira Gandhi International Airport,4.1 km ,4.1,4464,1478,New Delhi,Delhi
Radisson Blu Marina Hotel Connaught Place,3.8,Very Good,2642,5,Connaught Place,,,,8000,,New Delhi,Delhi
The Metropolitan Hotel and Spa,4.1,Very Good,4049,5,Connaught Place,,,,7500,,New Delhi,Delhi
The Grand New Delhi,3.8,Very Good,1885,5,Vasant Kunj ,Indira Gandhi International Airport,7.7 km ,7.7,12899,2322,New Delhi,Delhi
Crowne Plaza Mayur Vihar,4.3,Excellent,3398,5,East Delhi,,,,8649,,New Delhi,Delhi
Hotel Smart Plaza,4.3,Excellent,4031,3,Mahipalpur ,Indira Gandhi International Airport,4.4 km ,4.4,1525,423,New Delhi,Delhi
Hotel Aero Star,4.3,Excellent,9760,4,Mahipalpur ,Indira Gandhi International Airport,4.3 km ,4.3,2472,505,New Delhi,Delhi
Golden Bliss Near IGI Airport Mahipalpur,3,Good,108,,Mahipalpur ,Indira Gandhi International Airport,4.1 km ,4.1,2794,811,New Delhi,Delhi
Hotel International Inn,4.1,Very Good,12005,3,Mahipalpur ,Indira Gandhi International Airport,4.3 km ,4.3,2199,537,New Delhi,Delhi
The Park New Delhi,3.5,Very Good,6779,5,Connaught Place ,Connaught Place,730 m ,0.73,7905,2125,New Delhi,Delhi
ibis New Delhi Aerocity - An Accor Brand,3.7,Very Good,5538,4,Aerocity ,Indira Gandhi International Airport,4.4 km ,4.4,5100,,New Delhi,Delhi
goSTOPS Delhi - Rooms & Dorms,4.2,Very Good,1076,,Chandni Chowk ,Red Fort,1.8 km ,1.8,1481,384,New Delhi,Delhi
Hotel The Royal Plaza,3.4,Good,10365,4,Connaught Place ,India Gate,2.3 km ,2.3,7379,885,New Delhi,Delhi
"Taj Mahal, New Delhi",4.5,Excellent,991,5,Man Singh Road Area ,India Gate,1.2 km ,1.2,12000,,New Delhi,Delhi
Hotel Shanti Palace (Mahipalpur),3.7,Very Good,2308,4,Mahipalpur ,Indira Gandhi International Airport,4.1 km ,4.1,2604,532,New Delhi,Delhi
Aloft New Delhi Aerocity,4.2,Very Good,2906,5,Aerocity ,Indira Gandhi International Airport,4.1 km ,4.1,6950,,New Delhi,Delhi
Radisson Blu Hotel New Delhi Dwarka,3.7,Very Good,7268,5,Sector 13 Dwarka,,,,5953,714,New Delhi,Delhi
Hotel Star,4.3,Excellent,1202,4,Mahipalpur ,Indira Gandhi International Airport,4.3 km ,4.3,2472,505,New Delhi,Delhi
Pullman New Delhi International Airport- An Accor Luxury Brand,4.3,Excellent,2197,5,Aerocity ,Indira Gandhi International Airport,4.2 km ,4.2,10500,,New Delhi,Delhi
Hotel Aman Continental @ Paharganj,4.3,Excellent,5760,3,Paharganj ,New Delhi Railway Station,390 m ,0.39,2045,620,New Delhi,Delhi
"Taj Palace, New Delhi",4.5,Excellent,7913,5,Chanakyapuri ,T1 - Delhi Airport (IGI Airport),7.0 km ,7,11500,,New Delhi,Delhi
Red Fox Hotel Delhi Airport,3.9,Very Good,7509,3,Aerocity ,Indira Gandhi International Airport,4.2 km ,4.2,2903,1054,New Delhi,Delhi
"Vivanta New Delhi, Dwarka",4.3,Excellent,7707,5,Sector 21 Dwarka,,,,7100,,New Delhi,Delhi
The Gold Regency @ Paharganj,4.3,Excellent,2949,3,Paharganj ,New Delhi Railway Station,310 m ,0.31,2044,620,New Delhi,Delhi
"Red Brick | Home by Earthaa Escapes
Like a 3",4.2,Very Good,132,,Malviya Nagar,,,,2548,696,New Delhi,Delhi
JW Marriott Hotel New Delhi Aerocity,4.5,Excellent,1308,5,Aerocity ,Indira Gandhi International Airport,4.1 km ,4.1,12800,,New Delhi,Delhi
Crowne Plaza Rohini,4.3,Excellent,2702,5,Rohini,,,,6498,,New Delhi,Delhi
"Park Plaza, Shahdara",3.7,Very Good,3422,5,East Delhi,,,,3825,,New Delhi,Delhi
Andaz Delhi - A concept by Hyatt,4.3,Excellent,1272,5,Aerocity ,Indira Gandhi International Airport,3.9 km ,3.9,11000,,New Delhi,Delhi
Homestay AC Dormitory at Kashmiri Gate,3.9,Very Good,256,,North Delhi,,,,735,229,New Delhi,Delhi
Zone Connect Saket Delhi,3.9,Very Good,390,5,Saket,,,,5900,1205,New Delhi,Delhi
Crowne Plaza Okhla,4.3,Excellent,2802,5,Okhla Industrial Area,,,,6300,,New Delhi,Delhi
Taurus Sarovar Portico,3.1,Good,845,4,Mahipalpur ,Indira Gandhi International Airport,4.0 km ,4,2976,608,New Delhi,Delhi
The Leela Palace New Delhi,4.5,Excellent,449,5,Chanakyapuri ,T1 - Delhi Airport (IGI Airport),8.5 km ,8.5,17000,,New Delhi,Delhi
Shangri-La Eros New Delhi,4.4,Excellent,1832,5,Connaught Place ,India Gate,2.3 km ,2.3,12500,,New Delhi,Delhi
Sheraton New Delhi,4.5,Excellent,1706,5,Saket,,,,9500,,New Delhi,Delhi
"Hyatt Centric Janakpuri, New Delhi",3.6,Very Good,850,5,Janakpuri,,,,5599,,New Delhi,Delhi
ITC Maurya - A Luxury Collection Hotel,4.3,Excellent,2009,5,Chanakyapuri ,T1 - Delhi Airport (IGI Airport),7.4 km ,7.4,11000,,New Delhi,Delhi
Le Meridien Delhi,4.2,Very Good,1622,5,Connaught Place ,India Gate,2.1 km ,2.1,12150,,New Delhi,Delhi
"Eros Hotel New Delhi ,Nehru Place",4,Very Good,2733,5,Near Nehru Place,,,,4999,,New Delhi,Delhi
Jaypee Siddharth Hotel,3.7,Very Good,2052,5,Pusa road ,BLK Hospital,590 m ,0.59,6299,,New Delhi,Delhi
Hotel Vertu,4,Very Good,3227,4,Mahipalpur ,Indira Gandhi International Airport,4.2 km ,4.2,2525,631,New Delhi,Delhi
"Le ROI, Delhi@ New Delhi Railway Station",4,Very Good,4625,3,Paharganj,,,,2474,633,New Delhi,Delhi
Ashiana Hotel @ New Delhi Railway Station,3.7,Very Good,176,,Paharganj ,New Delhi Railway Station,880 m ,0.88,883,307,New Delhi,Delhi
The Roseate,4.3,Excellent,2371,5,Mahipalpur ,Indira Gandhi International Airport,8.0 km ,8,12024,2164,New Delhi,Delhi
"The Connaught, New Delhi - IHCL SeleQtions",4.5,Excellent,2016,4,Connaught Place ,Connaught Place,980 m ,0.98,7499,,New Delhi,Delhi
Hyatt Regency New Delhi,4.2,Very Good,1655,5,R.K. Puram ,T1 - Delhi Airport (IGI Airport),8.3 km ,8.3,8100,1863,New Delhi,Delhi
Hotel Samrat,3.2,Good,2214,4,Chanakyapuri ,T1 - Delhi Airport (IGI Airport),9.8 km ,9.8,4278,874,New Delhi,Delhi
"New Delhi YMCA Tourist Hostel | Rooms & Wi-Fi
Like a 3",3.5,Very Good,1401,,Connaught Place ,Connaught Place,900 m ,0.9,3148,847,New Delhi,Delhi
Golden Keys Inn,3.7,Very Good,752,3,North Delhi,,,,2009,679,New Delhi,Delhi
Ginger East Delhi,3.5,Very Good,3276,3,East Delhi,,,,1839,,New Delhi,Delhi
The Hans,3.6,Very Good,1397,4,Connaught Place ,Agrasen Ki Baoli,600 m ,0.6,4860,993,New Delhi,Delhi
"Shubham Vilas
Like a 3",4.2,Very Good,323,,Rajouri Garden,,,,1876,665,New Delhi,Delhi
Ramada By Wyndham New Delhi Pitampura,3.5,Very Good,1620,4,North Delhi,,,,4437,906,New Delhi,Delhi
Svelte Hotel & Personal Suites,3.6,Very Good,967,5,Saket,,,,8333,,New Delhi,Delhi
The Grand Uddhav,4.2,Very Good,1838,3,Paharganj ,New Delhi Railway Station,740 m ,0.74,3081,817,New Delhi,Delhi
Hotel Chanakya Inn,3.4,Good,2603,3,Mahipalpur ,Indira Gandhi International Airport,4.1 km ,4.1,1836,513,New Delhi,Delhi
Hotel Viva Palace @ Delhi Airport,3.9,Very Good,528,4,Mahipalpur ,Indira Gandhi International Airport,4.2 km ,4.2,2271,567,New Delhi,Delhi
Hotel Hari Piorko,3.8,Very Good,5220,3,Paharganj ,New Delhi Railway Station,630 m ,0.63,1104,412,New Delhi,Delhi
Hotel Southern,3.4,Good,2350,3,Karol bagh,,,,1951,469,New Delhi,Delhi
Hotel Delhi 37,4.3,Excellent,8326,3,Mahipalpur ,Indira Gandhi International Airport,4.3 km ,4.3,2472,505,New Delhi,Delhi
Red Fox Hotel East Delhi,3.6,Very Good,1069,3,East Delhi,,,,1908,692,New Delhi,Delhi
HOME@B11,2.3,Average,3,,East Of Kailash,,,,2758,901,New Delhi,Delhi
The Umrao,3.9,Very Good,2863,5,Samalka ,Indira Gandhi International Airport,6.5 km ,6.5,5000,,New Delhi,Delhi
IIDL Suites,4.1,Very Good,1926,4,East Delhi,,,,4900,,New Delhi,Delhi
Four Points by Sheraton Delhi,4,Very Good,1662,4,Samalka ,Indira Gandhi International Airport,6.4 km ,6.4,4559,,New Delhi,Delhi
"Deventure Sarovar Portico, Kapashera, New Delhi",3.9,Very Good,2681,4,Delhi ,Indira Gandhi International Airport,8.1 km ,8.1,5022,1026,New Delhi,Delhi
"The Dream House BnB | Rooms & Caretaker
Like a 3",4.1,Very Good,41,,Safdarjung Enclave ,T1 - Delhi Airport (IGI Airport),9.4 km ,9.4,2542,684,New Delhi,Delhi
"Park Inn by Radisson, IP Extension- New Delhi",3.8,Very Good,2618,4,East Delhi,,,,4150,,New Delhi,Delhi
The Claridges New Delhi,4.1,Very Good,1055,5,Motilal Nehru Marg Area ,India Gate,2.2 km ,2.2,10350,1863,New Delhi,Delhi
De Pavilion Hotel,3.6,Very Good,2047,4,Mahipalpur ,Indira Gandhi International Airport,4.6 km ,4.6,3164,646,New Delhi,Delhi
Venizia Sarovar Portico,3.6,Very Good,563,4,North Delhi,,,,3766,769,New Delhi,Delhi
Centaur Hotel,2.5,Average,676,3,Delhi Airport ,Indira Gandhi International Airport,2.0 km ,2,3202,654,New Delhi,Delhi
The Orion Plaza - Nehru Place,3.8,Very Good,1180,3,Near Nehru Place,,,,2706,589,New Delhi,Delhi
Dee Marks Hotel & Resort Delhi Airport,3.4,Good,1572,4,Mahipalpur ,Indira Gandhi International Airport,8.8 km ,8.8,2534,633,New Delhi,Delhi
HOTEL LE SEASONS,3.6,Very Good,581,4,Mahipalpur ,Indira Gandhi International Airport,3.8 km ,3.8,2653,700,New Delhi,Delhi
Caspia Hotel New Delhi Shalimar Bagh,3.4,Good,1725,3,North Delhi,,,,2799,572,New Delhi,Delhi
"Park Inn by Radisson, Lajpat Nagar",4.1,Very Good,1856,4,Andrews Ganj,,,,6999,,New Delhi,Delhi
Jukaso Inn Down Town,3.6,Very Good,1207,3,Connaught Place ,Connaught Place,700 m ,0.7,3134,682,New Delhi,Delhi
Hotel LA New Delhi,3.6,Very Good,1764,4,Mangolpuri,,,,3438,702,New Delhi,Delhi
Kelvish Hotel Near Delhi Airport,3.9,Very Good,1337,3,Mahipalpur ,Indira Gandhi International Airport,5.4 km ,5.4,1869,481,New Delhi,Delhi
Radisson Hyderabad Hitec City,3.7,Very Good,7994,5,Gachibowli,,,,4500,,Hyderabad,Telangana
The Park Hyderabad,3.7,Very Good,11318,5,Somajiguda,,,,5699,1284,Hyderabad,Telangana
ITC Kohenur - A Luxury Collection Hotel,4.3,Excellent,2465,5,Hitech City,,,,16150,,Hyderabad,Telangana
Fairfield by Marriott Hyderabad Gachibowli,3.9,Very Good,5006,4,Gachibowli,,,,4004,818,Hyderabad,Telangana
Radisson Blu Plaza Hotel,4.1,Very Good,4632,5,Banjara Hills,,,,7250,,Hyderabad,Telangana
Lemon Tree Hotel Gachibowli,4,Very Good,5372,4,Gachibowli,,,,4183,1518,Hyderabad,Telangana
Red Fox Hotel Hyderabad,3.9,Very Good,4338,3,Hitech City,,,,2654,1050,Hyderabad,Telangana
"Lemon Tree Hotel, Banjara Hills, Hyderabad",4.1,Very Good,2775,4,Banjara Hills,,,,2571,933,Hyderabad,Telangana
"Taj Krishna, Hyderabad",4.5,Excellent,1580,5,Banjara Hills,,,,8000,,Hyderabad,Telangana
Novotel Hyderabad Airport,3.9,Very Good,1278,5,Near Hyderabad Airport ,Rajiv Gandhi International Airport,3.6 km ,3.6,12999,,Hyderabad,Telangana
Rester Select Kukatpally,4,Very Good,263,3,Kukatpally,,,,2463,674,Hyderabad,Telangana
The Golkonda Hotel,4.1,Very Good,3981,4,Masab Tank,,,,5499,660,Hyderabad,Telangana
Trident Hyderabad,4.7,Excellent,1517,5,Hitech City,,,,14250,,Hyderabad,Telangana
Ellaa Hotel Gachibowli,3.8,Very Good,4341,4,Gachibowli,,,,3321,678,Hyderabad,Telangana
Lemon Tree Premier HITEC City Hyderabad,4,Very Good,5148,5,Hitech City,,,,3151,1246,Hyderabad,Telangana
"Siri Inn Hospitality | Rooms in an Apartment
Like a 3",3.6,Very Good,681,,Hitech City,,,,1287,373,Hyderabad,Telangana
ibis Hyderabad HITEC City - An Accor Brand,3.8,Very Good,1016,3,Hitech City,,,,4499,,Hyderabad,Telangana
Hyatt Place Hyderabad Banjara Hills,4.1,Very Good,1695,5,Banjara Hills,,,,7249,,Hyderabad,Telangana
"Vivanta Hyderabad, Begumpet",4.4,Excellent,2743,5,Begumpet,,,,6500,,Hyderabad,Telangana
Zen Comfort,4,Very Good,300,,Gachibowli,,,,1438,387,Hyderabad,Telangana
Hyderabad Marriott Hotel and Convention Centre,4.3,Excellent,1240,5,Kavadiguda,,,,6500,,Hyderabad,Telangana
HOTEL SIGNATURE AIRPORT ZONE SHAMSHABAD,4.1,Very Good,2343,3,Shamshabad ,Rajiv Gandhi International Airport,8.5 km ,8.5,2217,571,Hyderabad,Telangana
Daspalla Hotel,4.1,Very Good,1948,4,Jubilee Hills,,,,5413,1386,Hyderabad,Telangana
Hotel OAK by Signature,4.2,Very Good,1722,3,Shamshabad ,Rajiv Gandhi International Airport,8.5 km ,8.5,1317,346,Hyderabad,Telangana
Aditya Park Hyderabad - A Sarovar Hotel,4,Very Good,2503,4,Ameerpet,,,,6111,1248,Hyderabad,Telangana
"Park Hyatt Hotel and Residences, Hyderabad",4.2,Very Good,874,5,Sri Nagar Colony,,,,10000,,Hyderabad,Telangana
Marigold By Green Park,4.3,Excellent,2477,5,Ameerpet,,,,5714,1485,Hyderabad,Telangana
Hotel Hyderabad Grand,3.8,Very Good,1599,3,Shamshabad ,Rajiv Gandhi International Airport,7.6 km ,7.6,3028,756,Hyderabad,Telangana
Green Park,4.2,Very Good,1864,4,Ameerpet,,,,5122,1267,Hyderabad,Telangana
The Central Court,3.6,Very Good,3819,3,Lakdikapul,,,,2041,566,Hyderabad,Telangana
Holiday Inn Express Hyderabad HITEC City,3.5,Very Good,1894,3,Hitech City,,,,4499,,Hyderabad,Telangana
Slackpackr Hostel,4.1,Very Good,87,,Begumpet,,,,849,237,Hyderabad,Telangana
Holiday Inn Express Hyderabad Banjara Hills,3.5,Very Good,2359,3,Punjagutta,,,,4140,540,Hyderabad,Telangana
CITADEL Hotel By Vinnca,4.1,Very Good,949,3,Gaghan Pahad,,,,2932,802,Hyderabad,Telangana
Aditya Hometel Hyderabad - A Sarovar Hotel,3.5,Very Good,2234,3,Ameerpet,,,,1860,380,Hyderabad,Telangana
Hotel Deccan Serai Grande,4.4,Excellent,517,4,Gachibowli,,,,7014,2297,Hyderabad,Telangana
Katriya Hotel and Towers,2.8,Average,3250,3,Somajiguda,,,,3761,451,Hyderabad,Telangana
Hotel Saptagiri Hyderabad,3.8,Very Good,2861,3,Shivaji Nagar ,Secunderabad Junction Railway Station ,760 m ,0.76,2724,614,Hyderabad,Telangana
Hampshire Plaza Hotel,3.8,Very Good,1680,3,Lakdikapul,,,,3379,891,Hyderabad,Telangana
"Taj Deccan, Hyderabad",4.4,Excellent,2694,5,Banjara Hills,,,,6990,,Hyderabad,Telangana
Avasa Hotel,4.2,Very Good,2073,5,Madhapur,,,,6696,1368,Hyderabad,Telangana
Hotel Akoya - HITECH City Hyderabad,4.1,Very Good,520,3,Hitech City,,,,2471,681,Hyderabad,Telangana
MARIGOLD AT NEST,3.8,Very Good,93,2,Gachibowli,,,,1346,307,Hyderabad,Telangana
HOTEL RAINTR33,3.8,Very Good,1012,3,Hitech City,,,,2011,550,Hyderabad,Telangana
Urban Nest Luxury Rooms,3.9,Very Good,206,,Kokapet,,,,1046,357,Hyderabad,Telangana
Novotel Hyderabad Convention Centre,4.2,Very Good,2033,5,Hitech City,,,,10500,,Hyderabad,Telangana
Hotel B Plus L,4,Very Good,866,4,Hitech City,,,,3360,795,Hyderabad,Telangana
La Hometel Hotel - HITECH City Hyderabad,3.9,Very Good,236,3,Hitech City,,,,1435,387,Hyderabad,Telangana
Le Meridien Hyderabad,4.3,Excellent,1059,5,Gachibowli,,,,10500,,Hyderabad,Telangana
"Restel Studio Flats
Like a 3",4.2,Very Good,262,,Borabanda,,,,1801,504,Hyderabad,Telangana
The Conclave,3.2,Good,958,3,Gachibowli,,,,1613,497,Hyderabad,Telangana
The Landmark Banjara Hills,4,Very Good,613,3,Banjara Hills,,,,1696,437,Hyderabad,Telangana
THE CENT,3.3,Good,1544,3,Lakdikapul,,,,1662,389,Hyderabad,Telangana
Courtyard by Marriott Hyderabad,4.5,Excellent,981,4,Kavadiguda,,,,6000,,Hyderabad,Telangana
"The Wilderness Retreat | Rooms & Restaurant
Like a 4",3.9,Very Good,220,,Gandipet,,,,7346,2197,Hyderabad,Telangana
The Altruist Business Hotel (Hitech),3.7,Very Good,1888,4,Shilpa Hills,,,,4278,1028,Hyderabad,Telangana
Istay Hotels Hitec,3.7,Very Good,1236,3,Kondapur,,,,2913,613,Hyderabad,Telangana
Hyatt Hyderabad Gachibowli,4.1,Very Good,864,5,Gachibowli,,,,8750,,Hyderabad,Telangana
The Art Boutique Hotel,3.8,Very Good,1515,3,Gachibowli,,,,2197,677,Hyderabad,Telangana
Hotel Imperial Classic,3.9,Very Good,2183,3,Himayat Nagar,,,,1068,315,Hyderabad,Telangana
Mercure Hyderabad KCP - An AccorHotels brand,4.2,Very Good,773,4,Punjagutta,,,,5000,,Hyderabad,Telangana
Veeraj Suites,4,Very Good,435,3,Rai Durg,,,,2170,599,Hyderabad,Telangana
Bloom Hotel - Gachibowli,4.1,Very Good,181,3,Gachibowli,,,,4500,,Hyderabad,Telangana
Oakwood Residence Kapil Hyderabad,4.5,Excellent,957,,Gachibowli,,,,7500,,Hyderabad,Telangana
Aalankrita Resort & Convention,4.1,Very Good,3109,4,Secunderabad ,city centre,26.5 km ,26.5,4484,916,Hyderabad,Telangana
Minerva Grand- Kondapur,3.9,Very Good,1019,3,Kothaguda,,,,4371,893,Hyderabad,Telangana
M SQUARE HOTEL,3.9,Very Good,263,3,Hitech City,,,,4395,898,Hyderabad,Telangana
Sri Sri Suites,3.4,Good,152,,Madhapur,,,,1208,330,Hyderabad,Telangana
The Manohar,2.7,Average,258,3,Begumpet,,,,3158,645,Hyderabad,Telangana
The Lime Boutique Suites,4.1,Very Good,1434,3,Gachibowli,,,,2976,608,Hyderabad,Telangana
Taj Tristar,3.9,Very Good,992,3,Secunderabad ,city centre,7.7 km ,7.7,2271,494,Hyderabad,Telangana
Minerva Grand - Banjara,4,Very Good,1453,3,Banjara Hills,,,,4464,912,Hyderabad,Telangana
Sheraton Hyderabad,4.3,Excellent,769,5,Gachibowli,,,,125000,,Hyderabad,Telangana
ITC Kakatiya - A Luxury Collection Hotel,4.2,Very Good,1071,5,Begumpet,,,,9690,,Hyderabad,Telangana
Bikanervala Boutique Hotel,4.1,Very Good,1037,3,Banjara Hills,,,,3488,713,Hyderabad,Telangana
The Park Kolkata,3.9,Very Good,7647,5,New Market Area ,Park Street,210 m ,0.21,4207,886,Kolkata,West Bengal
"Zone By The Park, Kolkata",3.8,Very Good,8656,5,New Town,,,,3915,926,Kolkata,West Bengal
JW Marriott Hotel Kolkata,4.4,Excellent,1527,5,Tangra,,,,7800,,Kolkata,West Bengal
ibis Kolkata Rajarhat - An Accor Brand,3.9,Very Good,2355,4,New Town,,,,2220,,Kolkata,West Bengal
The Lalit Great Eastern Kolkata,4.2,Very Good,2486,5,Bow Barracks ,Eden Gardens,970 m ,0.97,6365,764,Kolkata,West Bengal
ITC Royal Bengal - A Luxury Collection Hotel,4.5,Excellent,3849,5,Tangra,,,,8925,,Kolkata,West Bengal
"Lemon Tree Premier, New Town, Kolkata",4.2,Very Good,3026,5,New Town,,,,2156,782,Kolkata,West Bengal
Novotel Kolkata Hotel and Residences,4.1,Very Good,2827,5,New Town,,,,5060,,Kolkata,West Bengal
All Fresco Hotel,3.7,Very Good,688,3,Baguiati ,Netaji Subhash Chandra Bose International Airport,5.6 km ,5.6,1637,483,Kolkata,West Bengal
Regenta Orko's Kolkata,3.9,Very Good,2055,4,Kasba ,Acropolis Mall,680 m ,0.68,3321,449,Kolkata,West Bengal
"Holiday Inn Express, Kolkata Airport",4.1,Very Good,1655,3,Dum Dum ,Netaji Subhash Chandra Bose International Airport,1.7 km ,1.7,4099,,Kolkata,West Bengal
Himalayan Inn Guest House - Near TCS Gitobitan,3.3,Good,534,,Salt Lake City,,,,724,257,Kolkata,West Bengal
Holiday Inn Kolkata Airport,4.1,Very Good,2486,5,Chinar Park ,Netaji Subhash Chandra Bose International Airport,4.7 km ,4.7,4600,,Kolkata,West Bengal
"Taj City Centre New Town, Kolkata",4.4,Excellent,1556,5,Rajarhat ,Netaji Subhash Chandra Bose International Airport,5.8 km ,5.8,5650,,Kolkata,West Bengal
"Vivanta Kolkata, EM Bypass",4.4,Excellent,2031,5,East Kolkata Township,,,,5500,,Kolkata,West Bengal
Hyatt Regency Kolkata,4.2,Very Good,1426,5,Salt Lake City ,Salt Lake Stadium,740 m ,0.74,5780,694,Kolkata,West Bengal
"Bandhan Residency
Like a 3",3.7,Very Good,460,,Kaikhali ,Netaji Subhash Chandra Bose International Airport,3.0 km ,3,1102,350,Kolkata,West Bengal
The Oberoi Grand,4.7,Excellent,1268,5,New Market Area ,Park Street,930 m ,0.93,8000,,Kolkata,West Bengal
"Fairfield by Marriott, Kolkata",4.1,Very Good,2332,4,New Town,,,,2499,,Kolkata,West Bengal
Ethnotel,4,Very Good,3211,3,Dum Dum ,Netaji Subhash Chandra Bose International Airport,1.7 km ,1.7,2949,621,Kolkata,West Bengal
Backpackers Park Hostel @ParkStreet,3.8,Very Good,417,,New Market Area ,Park Street,150 m ,0.15,893,209,Kolkata,West Bengal
THE WESTIN KOLKATA RAJARHAT,4.4,Excellent,2067,5,New Town ,Netaji Subhash Chandra Bose International Airport,9.3 km ,9.3,5699,,Kolkata,West Bengal
"Taj Bengal, Kolkata",4.6,Excellent,1165,5,Alipore,,,,8000,,Kolkata,West Bengal
Hotel Senses,3.9,Very Good,1943,4,Salt Lake City ,Salt Lake Sec V,900 m ,0.9,3716,1016,Kolkata,West Bengal
ITC Sonar - A Luxury Collection Hotel,4.4,Excellent,2325,5,Tangra,,,,7225,,Kolkata,West Bengal
Kenilworth Hotel,4.3,Excellent,669,4,Park Street Area,,,,6054,727,Kolkata,West Bengal
The Peerless Inn,3.9,Very Good,3539,4,Near Howrah Train Station ,Eden Gardens,770 m ,0.77,4186,855,Kolkata,West Bengal
De Sovrani,3.9,Very Good,1260,4,Salt Lake City,,,,2916,690,Kolkata,West Bengal
"Pride Plaza Hotel, Kolkata",3.9,Very Good,1861,5,New Town,,,,2800,336,Kolkata,West Bengal
"City Central Hostel, Kolkata",4.6,Excellent,77,,Kolkata ,Dharamtala Market,980 m ,0.98,736,198,Kolkata,West Bengal
Siamton Inn - A Cygnett Collection,4,Very Good,2312,4,Park Street ,Park Street,10 m ,0.01,2790,677,Kolkata,West Bengal
Hotel Aauris,4.1,Very Good,1658,4,Park Street ,Park Street,430 m ,0.43,4650,950,Kolkata,West Bengal
"Howard Johnson by Wyndham, Kolkata Airport",3.9,Very Good,1150,4,Chinar Park ,Netaji Subhash Chandra Bose International Airport,3.6 km ,3.6,2500,,Kolkata,West Bengal
Park Prime Kolkata,3.8,Very Good,2036,3,Ballygunge,,,,3652,1006,Kolkata,West Bengal
Joey's Nest,4.7,Excellent,54,,Salt Lake City ,Netaji Subhash Chandra Bose International Airport,9.5 km ,9.5,2245,583,Kolkata,West Bengal
Hotel Hindusthan International,3.6,Very Good,1907,5,Bhowanipore,,,,4134,978,Kolkata,West Bengal
Hotel Niharika,4.1,Very Good,1551,3,Elgin,,,,2790,570,Kolkata,West Bengal
Vedic Village Spa Resort,4,Very Good,3761,4,Vedic Village,,,,3688,944,Kolkata,West Bengal
Park Palace Hotel,3.6,Very Good,1471,3,Ballygunge,,,,1350,431,Kolkata,West Bengal
Offbeat CCU Bunkers,4.3,Excellent,92,,Topsia,,,,944,205,Kolkata,West Bengal
Monotel Luxury Business Hotel,3.9,Very Good,1744,4,Salt Lake City,,,,3523,855,Kolkata,West Bengal
AIRPORT CITY HOTEL,3.9,Very Good,1658,4,Birati ,Netaji Subhash Chandra Bose International Airport,2.0 km ,2,2994,767,Kolkata,West Bengal
The Lindsay,3.5,Very Good,1990,3,New Market Area ,Park Street,870 m ,0.87,2907,710,Kolkata,West Bengal
RituIvy,4,Very Good,547,3,East Kolkata Township,,,,2132,588,Kolkata,West Bengal
Hotel O2 Oxygen,3.8,Very Good,826,4,Near Kolkata Airport ,Netaji Subhash Chandra Bose International Airport,2.1 km ,2.1,2856,583,Kolkata,West Bengal
VISITEL - A BOUTIQUE HOTEL,3.8,Very Good,1058,3,Kankurgachi,,,,1991,590,Kolkata,West Bengal
IndiSmart Hotel,3.9,Very Good,277,3,Salt Lake City,,,,1999,515,Kolkata,West Bengal
LYNQ AERO,4,Very Good,461,3,Salt Lake City,,,,3242,767,Kolkata,West Bengal
"Park Guest House, Kolkata",3.7,Very Good,19,,Park Street ,Park Street,140 m ,0.14,1045,315,Kolkata,West Bengal
Regenta Inn Larica,3.6,Very Good,1448,3,Chinar Park ,Netaji Subhash Chandra Bose International Airport,4.1 km ,4.1,2713,419,Kolkata,West Bengal
Golden Tulip Kolkata,4.1,Very Good,1538,4,Salt Lake City,,,,3772,770,Kolkata,West Bengal
The Senator,4.3,Excellent,1016,3,Elgin,,,,2511,513,Kolkata,West Bengal
Gallery 67,4.2,Very Good,832,3,Ghose Bagan ,Netaji Subhash Chandra Bose International Airport,9.4 km ,9.4,2536,737,Kolkata,West Bengal
CHOWDHURY'S ESTATES,3.5,Very Good,24,,Elgin,,,,1935,480,Kolkata,West Bengal
Pipal Tree Hotel,4,Very Good,2274,4,Chinar Park ,Netaji Subhash Chandra Bose International Airport,4.2 km ,4.2,3579,846,Kolkata,West Bengal
Stayotel,4,Very Good,606,3,Dum Dum ,Netaji Subhash Chandra Bose International Airport,1.5 km ,1.5,2365,672,Kolkata,West Bengal
"Raajkutir, Kolkata - IHCL SeleQtions",4.6,Excellent,576,5,Kankurgachi ,Salt Lake Stadium,810 m ,0.81,5350,,Kolkata,West Bengal
The Sonnet,4.1,Very Good,844,4,Salt Lake City,,,,4937,1233,Kolkata,West Bengal
"Krishna Kunja | Rooms & Caretaker
Like a 3",4.6,Excellent,99,,South Dum Dum ,Netaji Subhash Chandra Bose International Airport,5.1 km ,5.1,1440,418,Kolkata,West Bengal
Aristocrat Hotel,3.7,Very Good,262,4,New Town,,,,1966,409,Kolkata,West Bengal
The Fern Residency Kolkata,3.8,Very Good,1051,3,Chinar Park ,Netaji Subhash Chandra Bose International Airport,4.2 km ,4.2,2462,582,Kolkata,West Bengal
Sapphire Suites,3.8,Very Good,776,3,New Market Area ,Park Street,780 m ,0.78,3089,631,Kolkata,West Bengal
Victoria Hotel,4,Very Good,862,3,Chinar Park ,Netaji Subhash Chandra Bose International Airport,4.0 km ,4,2388,720,Kolkata,West Bengal
The Pearl Hotel,3.3,Good,608,3,Beliaghata ,Salt Lake Stadium,840 m ,0.84,1517,484,Kolkata,West Bengal
The Astor,4.2,Very Good,933,4,Park Street Area,,,,4502,920,Kolkata,West Bengal
Barsana Boutique Hotel (Pure vegetarian),4.2,Very Good,296,3,Tangra,,,,3767,770,Kolkata,West Bengal
THE MAUREEN KOLKATA,4,Very Good,1441,3,Baguiati ,Netaji Subhash Chandra Bose International Airport,4.7 km ,4.7,3188,671,Kolkata,West Bengal
The Aster Penthouse,4.2,Very Good,12,,Ballygunge ,Park Street,960 m ,0.96,1766,532,Kolkata,West Bengal
The Firangipani Suites,4,Very Good,106,3,New Town,,,,1980,484,Kolkata,West Bengal
Celesta,4.1,Very Good,1087,3,Baguiati ,Netaji Subhash Chandra Bose International Airport,5.8 km ,5.8,3085,842,Kolkata,West Bengal
HOTEL EASTERN PLAZA,3.3,Good,1312,3,Kaikhali ,Netaji Subhash Chandra Bose International Airport,4.1 km ,4.1,1192,331,Kolkata,West Bengal
Hotel Aura,3.6,Very Good,432,3,New Market Area,,,,2106,599,Kolkata,West Bengal
Viceroy Kolkata (Boutique Hotel),3.8,Very Good,1077,3,Chinar Park ,Netaji Subhash Chandra Bose International Airport,3.8 km ,3.8,2562,523,Kolkata,West Bengal
Beyzaa Hotel & Suites (Brewery Hotel),4.2,Very Good,593,4,Salt Lake City,,,,4589,551,Kolkata,West Bengal
The CORPORATE,3.4,Good,577,3,Park Street ,Park Street,130 m ,0.13,3086,867,Kolkata,West Bengal
Hotel Trimoorti,3.6,Very Good,1375,3,Bhowanipore,,,,1488,476,Kolkata,West Bengal
Bubble Beds,3.9,Very Good,376,,Kalighat ,Kalighat Kali Temple,960 m ,0.96,597,161,Kolkata,West Bengal
The Opus Kolkata - A Boutique Hotel,3.9,Very Good,376,3,Bhowanipore,,,,2372,485,Kolkata,West Bengal
Hotel Crest Inn,3.7,Very Good,975,,Park Circus,,,,1260,382,Kolkata,West Bengal
Golden Parkk,3.6,Very Good,219,3,Park Street Area ,Park Street,960 m ,0.96,3767,770,Kolkata,West Bengal
Hotel The Crest,3.8,Very Good,324,,Park Circus,,,,1328,384,Kolkata,West Bengal
Park Victoria Hotel,3.4,Good,383,,New Market Area ,Park Street,250 m ,0.25,1507,308,Kolkata,West Bengal
The Samilton,4,Very Good,777,3,Bhowanipore,,,,3499,420,Kolkata,West Bengal
Treebo Trend Orion Sapphire Beck Bagan,3.8,Very Good,127,,Park Street ,Park Street,770 m ,0.77,2540,530,Kolkata,West Bengal
Eennra Oiitijhyya,4.4,Excellent,142,3,Keyatala,,,,1994,567,Kolkata,West Bengal
"The Aster Heritage Homestay | Rooms & Caretaker
Like a 3",4.3,Excellent,115,,New Market Area ,Park Street,60 m ,0.06,2452,660,Kolkata,West Bengal
Basera Guest House,4.1,Very Good,635,,Gariahat,,,,1000,289,Kolkata,West Bengal
LYNQ-CICO - Hotel,3.8,Very Good,634,3,Alipore,,,,2372,576,Kolkata,West Bengal
The Lake Hotel,3.7,Very Good,396,3,Dhakuria,,,,1986,528,Kolkata,West Bengal
"The Aster Heritage Gold
Like a 3",4.4,Excellent,17,,New Market Area ,Park Street,50 m ,0.05,4723,1320,Kolkata,West Bengal
Treebo Tryst Tahoora International Park Street,3.7,Very Good,70,3,Park Street ,Park Street,100 m ,0.1,3257,680,Kolkata,West Bengal
Southern Plaza,3.8,Very Good,276,3,Kalighat,,,,3201,674,Kolkata,West Bengal
DIAMOND PLAZA,3.8,Very Good,736,,Bow Bazaar ,College Street,800 m ,0.8,1850,438,Kolkata,West Bengal
Lytton Hotel,3.6,Very Good,431,3,New Market Area ,Park Street,560 m ,0.56,3004,711,Kolkata,West Bengal
"Dorota House | Room & Caretaker
Like a 3",4,Very Good,73,,Salt Lake City,,,,1365,412,Kolkata,West Bengal
Hotel O2 VIP,3.9,Very Good,356,3,Near Kolkata Airport ,Netaji Subhash Chandra Bose International Airport,2.0 km ,2,2212,481,Kolkata,West Bengal
Hotel Gateway Continental,3.8,Very Good,600,3,Dum Dum ,Netaji Subhash Chandra Bose International Airport,1.3 km ,1.3,2800,737,Kolkata,West Bengal
Hotel Air View,4,Very Good,539,,Dum Dum ,Netaji Subhash Chandra Bose International Airport,1.8 km ,1.8,1078,255,Kolkata,West Bengal
Hotel Casa Fortuna,3.9,Very Good,693,3,Park Street Area,,,,3934,950,Kolkata,West Bengal
Middleton Inn,3.5,Very Good,264,3,Park Street ,Park Street,710 m ,0.71,2590,545,Kolkata,West Bengal
Hotel Sawood International,3.6,Very Good,687,3,Tangra,,,,2122,560,Kolkata,West Bengal
The Orchid Hotel Mumbai Vile Parle,4,Very Good,5593,5,Near Mumbai Airport ,T1 - Chhatrapati Shivaji International Airport,930 m ,0.93,6499,780,Mumbai,Maharashtra
Trident Bandra Kurla,4.6,Excellent,4987,5,Bandra Kurla Complex ,T1 - Chhatrapati Shivaji International Airport,7.8 km ,7.8,8750,,Mumbai,Maharashtra
ITC Grand Central - A Luxury Collection Hotel,4.5,Excellent,2445,5,South Mumbai ,Cooper hospital,620 m ,0.62,14000,,Mumbai,Maharashtra
IRA By Orchid Mumbai ( VITS Mumbai),3.9,Very Good,4707,4,Near Mumbai Airport ,T2 - Chhatrapati Shivaji International Airport,2.3 km ,2.3,5099,612,Mumbai,Maharashtra
Trident Nariman Point,4.6,Excellent,5563,5,Marine Drive ,Queen's Necklace - Marine Drive,470 m ,0.47,11250,,Mumbai,Maharashtra
The Lalit Mumbai,4.1,Very Good,6468,5,Near Mumbai Airport ,T2 - Chhatrapati Shivaji International Airport,1.3 km ,1.3,11160,3000,Mumbai,Maharashtra
"Ginger Mumbai, Andheri East",3.7,Very Good,5340,4,Andheri East ,T1 - Chhatrapati Shivaji International Airport,3.3 km ,3.3,3679,,Mumbai,Maharashtra
"Taj Santacruz, Mumbai",4.6,Excellent,4563,5,Near Mumbai Airport ,T1 - Chhatrapati Shivaji International Airport,560 m ,0.56,9000,,Mumbai,Maharashtra
Hotel Surya Prakash,3.9,Very Good,121,3,Chembur,,,,3939,968,Mumbai,Maharashtra
Hilton Mumbai International Airport,4.2,Very Good,1686,5,Near Mumbai Airport ,T2 - Chhatrapati Shivaji International Airport,1.6 km ,1.6,9100,,Mumbai,Maharashtra
Holiday Inn Mumbai International Airport,4.3,Excellent,2744,5,Near Mumbai Airport ,T2 - Chhatrapati Shivaji International Airport,3.0 km ,3,6999,,Mumbai,Maharashtra
goSTOPS Mumbai - Rooms & Dorms,3.9,Very Good,1376,,South Mumbai,,,,816,211,Mumbai,Maharashtra
The Regale by Tunga,4.1,Very Good,4946,3,Andheri East ,T2 - Chhatrapati Shivaji International Airport,3.6 km ,3.6,4427,932,Mumbai,Maharashtra
"Taj Lands End, Mumbai",4.5,Excellent,4222,5,Bandra West ,Band Stand,230 m ,0.23,11000,,Mumbai,Maharashtra
"Ramada Plaza By Wyndham Palm Grove, Juhu, Mumbai",4.1,Very Good,7206,5,Juhu ,T1 - Chhatrapati Shivaji International Airport,5.8 km ,5.8,7095,2136,Mumbai,Maharashtra
Sahara Star,4.2,Very Good,7303,5,Near Mumbai Airport ,T1 - Chhatrapati Shivaji International Airport,760 m ,0.76,10400,1872,Mumbai,Maharashtra
Qubestay Airport Capsule Hostel | Rooms & Dorms,3.8,Very Good,632,,Andheri East ,T2 - Chhatrapati Shivaji International Airport,3.6 km ,3.6,1160,341,Mumbai,Maharashtra
Courtyard by Marriott Mumbai International Airport,4.3,Excellent,1829,5,Near Mumbai Airport ,T2 - Chhatrapati Shivaji International Airport,3.3 km ,3.3,7500,,Mumbai,Maharashtra
The Westin Mumbai Garden City,4.4,Excellent,1431,5,Goregaon ,T1 - Chhatrapati Shivaji International Airport,9.5 km ,9.5,9000,,Mumbai,Maharashtra
JW Marriott Mumbai Juhu,4.4,Excellent,1731,5,Juhu ,T1 - Chhatrapati Shivaji International Airport,5.5 km ,5.5,12500,,Mumbai,Maharashtra
ITC Maratha - A Luxury Collection Hotel,4.4,Excellent,4680,5,Near Mumbai Airport ,T2 - Chhatrapati Shivaji International Airport,1.4 km ,1.4,10030,,Mumbai,Maharashtra
City Stay,4.6,Excellent,214,,Andheri East ,T1 - Chhatrapati Shivaji International Airport,3.7 km ,3.7,1229,370,Mumbai,Maharashtra
JW Marriott Mumbai Sahar,4.5,Excellent,2139,5,Near Mumbai Airport ,T2 - Chhatrapati Shivaji International Airport,1.2 km ,1.2,9500,,Mumbai,Maharashtra
Radisson Mumbai Andheri MIDC,4.3,Excellent,3609,5,Andheri East ,T2 - Chhatrapati Shivaji International Airport,4.1 km ,4.1,7000,,Mumbai,Maharashtra
Sofitel Mumbai BKC- Luxury Brand by Accor,4.3,Excellent,2276,5,Bandra Kurla Complex ,T1 - Chhatrapati Shivaji International Airport,7.6 km ,7.6,8550,1539,Mumbai,Maharashtra
The Leela Mumbai,4.5,Excellent,2861,5,Near Mumbai Airport ,T2 - Chhatrapati Shivaji International Airport,1.7 km ,1.7,10500,,Mumbai,Maharashtra
Novotel Mumbai International Airport,4.4,Excellent,102,5,Near Mumbai Airport ,T2 - Chhatrapati Shivaji International Airport,1.8 km ,1.8,8299,,Mumbai,Maharashtra
Radisson Blu Mumbai International Airport,4.4,Excellent,2166,5,Near Mumbai Airport ,T2 - Chhatrapati Shivaji International Airport,2.1 km ,2.1,7499,,Mumbai,Maharashtra
Sun-N-Sand,4.2,Very Good,2353,5,Juhu ,T1 - Chhatrapati Shivaji International Airport,5.8 km ,5.8,8835,2660,Mumbai,Maharashtra
The St. Regis Mumbai,4.5,Excellent,1328,5,South Mumbai ,Tata memorial cancer hospital,640 m ,0.64,12500,,Mumbai,Maharashtra
Niranta Airport Transit Hotel & Lounge Terminal 2 Arrivals/Landside,4,Very Good,1443,4,In Mumbai Airport ,,,,9303,2501,Mumbai,Maharashtra
"Zostel Mumbai
Like a 3",4,Very Good,738,,Andheri East ,T2 - Chhatrapati Shivaji International Airport,3.6 km ,3.6,1342,285,Mumbai,Maharashtra
"President, Mumbai - IHCL SeleQtions",4.4,Excellent,2510,5,South Mumbai ,Queen's Necklace - Marine Drive,2.4 km ,2.4,10400,,Mumbai,Maharashtra
Novotel Mumbai Juhu Beach,3.6,Very Good,2306,5,Juhu ,T1 - Chhatrapati Shivaji International Airport,5.6 km ,5.6,8500,,Mumbai,Maharashtra
Ibis Mumbai Airport - An Accor Brand,3.6,Very Good,1990,3,Near Mumbai Airport ,T1 - Chhatrapati Shivaji International Airport,680 m ,0.68,6499,,Mumbai,Maharashtra
"Ginger Mumbai, Andheri (MIDC)",3.4,Good,2721,3,Jogeshwari East ,T2 - Chhatrapati Shivaji International Airport,5.3 km ,5.3,2624,,Mumbai,Maharashtra
Lakeside Chalet Marriott Executive Apartments,4.1,Very Good,362,,Powai ,T2 - Chhatrapati Shivaji International Airport,6.5 km ,6.5,9000,,Mumbai,Maharashtra
"Lemon Tree Hotel, Kalina, Mumbai",3.3,Good,324,4,Bandra Kurla Complex ,T1 - Chhatrapati Shivaji International Airport,6.7 km ,6.7,4975,1806,Mumbai,Maharashtra
Ramee Guestline Hotel Juhu,3.6,Very Good,3162,4,Juhu ,T1 - Chhatrapati Shivaji International Airport,5.7 km ,5.7,5275,1430,Mumbai,Maharashtra
Ramee Techome,4,Very Good,1173,4,Khar West ,T1 - Chhatrapati Shivaji International Airport,5.2 km ,5.2,6231,1273,Mumbai,Maharashtra
Shabana,3.5,Very Good,216,,Colaba ,Gateway Of India Mumbai,1.1 km ,1.1,1304,355,Mumbai,Maharashtra
Hotel Bawa International,4,Very Good,1817,3,Near Mumbai Airport ,T1 - Chhatrapati Shivaji International Airport,810 m ,0.81,5000,,Mumbai,Maharashtra
"Ginger Mumbai, Goregaon",3.8,Very Good,478,4,Goregaon ,T1 - Chhatrapati Shivaji International Airport,8.5 km ,8.5,3224,,Mumbai,Maharashtra
Grand Hyatt Mumbai,4.3,Excellent,1855,5,Near Mumbai Airport ,T1 - Chhatrapati Shivaji International Airport,3.7 km ,3.7,10000,,Mumbai,Maharashtra
Hotel Marine Plaza,4.2,Very Good,1292,5,Churchgate ,Queen's Necklace - Marine Drive,270 m ,0.27,9449,1701,Mumbai,Maharashtra
"Lemon Tree Premier, Mumbai International Airport, Mumbai",4.2,Very Good,5001,5,Near Mumbai Airport ,T2 - Chhatrapati Shivaji International Airport,2.3 km ,2.3,3566,1294,Mumbai,Maharashtra
Hotel Airport International,3.7,Very Good,3139,3,Near Mumbai Airport ,T1 - Chhatrapati Shivaji International Airport,780 m ,0.78,3255,770,Mumbai,Maharashtra
Dragonfly Hotel - The Art Hotel,3.5,Very Good,906,4,Near Mumbai Airport ,T2 - Chhatrapati Shivaji International Airport,3.1 km ,3.1,3035,935,Mumbai,Maharashtra
Four Seasons Hotel Mumbai,4.4,Excellent,1863,5,South Mumbai,,,,49000,,Mumbai,Maharashtra
Gateway Inn | Rooms in an Apartment,3.2,Good,356,,Near Mumbai Airport ,T2 - Chhatrapati Shivaji International Airport,2.3 km ,2.3,1839,495,Mumbai,Maharashtra
"The Oberoi, Mumbai",4.7,Excellent,876,5,Marine Drive ,Queen's Necklace - Marine Drive,420 m ,0.42,16750,,Mumbai,Maharashtra
Hotel Jyoti Dwelling,4.2,Very Good,1539,3,Near Mumbai Airport ,T2 - Chhatrapati Shivaji International Airport,3.2 km ,3.2,2232,456,Mumbai,Maharashtra
Indie Stays,3.9,Very Good,1406,3,Bandra Kurla Complex ,T1 - Chhatrapati Shivaji International Airport,5.8 km ,5.8,6975,1425,Mumbai,Maharashtra
Meluha - The Fern,4.4,Excellent,2189,5,Powai ,T2 - Chhatrapati Shivaji International Airport,7.2 km ,7.2,7109,1911,Mumbai,Maharashtra
Afra dormitory,4.8,Excellent,4,,Andheri East ,T2 - Chhatrapati Shivaji International Airport,3.3 km ,3.3,848,228,Mumbai,Maharashtra
Hotel Airlink,3.8,Very Good,387,3,Near Mumbai Airport ,T1 - Chhatrapati Shivaji International Airport,950 m ,0.95,3204,798,Mumbai,Maharashtra
The Fern Goregaon,4.2,Very Good,1842,5,Goregaon ,T1 - Chhatrapati Shivaji International Airport,8.9 km ,8.9,7988,2405,Mumbai,Maharashtra
Mirage Hotel,4.1,Very Good,1820,4,Near Mumbai Airport ,T2 - Chhatrapati Shivaji International Airport,1.7 km ,1.7,6126,1251,Mumbai,Maharashtra
"RELOhomes | 1 BHK Apartment
Like a 4",4.6,Excellent,45,,Powai ,T2 - Chhatrapati Shivaji International Airport,7.7 km ,7.7,5721,1420,Mumbai,Maharashtra
Click Hotel Caliph,3.3,Good,834,3,Powai ,T2 - Chhatrapati Shivaji International Airport,5.4 km ,5.4,4500,,Mumbai,Maharashtra
HOTEL LEAFIO MARIGOLD,3.7,Very Good,1387,3,Near Mumbai Airport ,T2 - Chhatrapati Shivaji International Airport,2.2 km ,2.2,3162,748,Mumbai,Maharashtra
"Keys Select by Lemon Tree Hotels, Nestor, Mumbai",3.5,Very Good,1528,3,Andheri East ,T2 - Chhatrapati Shivaji International Airport,3.0 km ,3,3623,1288,Mumbai,Maharashtra
Hotel Sea Princess,4.1,Very Good,1762,5,Juhu ,T1 - Chhatrapati Shivaji International Airport,5.6 km ,5.6,7952,2138,Mumbai,Maharashtra
HOTEL WEGO,4.1,Very Good,1335,3,Near Mumbai Airport ,T2 - Chhatrapati Shivaji International Airport,2.2 km ,2.2,3495,1128,Mumbai,Maharashtra
Rodas - An Ecotel Hotel,4.4,Excellent,795,3,Powai ,T2 - Chhatrapati Shivaji International Airport,7.0 km ,7,7998,2150,Mumbai,Maharashtra
The Westin Mumbai Powai Lake,4.3,Excellent,1282,5,Powai ,T2 - Chhatrapati Shivaji International Airport,6.7 km ,6.7,9000,,Mumbai,Maharashtra
Mayura Aureole Co-Living,4.2,Very Good,143,,Goregaon ,T1 - Chhatrapati Shivaji International Airport,8.4 km ,8.4,1496,418,Mumbai,Maharashtra
Sea Green Hotel,3.8,Very Good,1203,3,Churchgate ,Queen's Necklace - Marine Drive,450 m ,0.45,4692,1265,Mumbai,Maharashtra
ibis Mumbai Vikhroli - An Accor Brand,3.9,Very Good,327,4,Vikhroli West ,T2 - Chhatrapati Shivaji International Airport,9.5 km ,9.5,6299,,Mumbai,Maharashtra
Aboo's Concord Galaxy,3.3,Good,798,3,Near Mumbai Airport ,T2 - Chhatrapati Shivaji International Airport,1.9 km ,1.9,3228,831,Mumbai,Maharashtra
The Paradise by Tunga,4,Very Good,1202,3,Andheri East ,T2 - Chhatrapati Shivaji International Airport,3.4 km ,3.4,5864,1424,Mumbai,Maharashtra
Address Dormitory,4,Very Good,240,,Andheri East ,T2 - Chhatrapati Shivaji International Airport,3.2 km ,3.2,404,113,Mumbai,Maharashtra
Arnna Hotel - Goregaon,3.8,Very Good,135,3,Goregaon ,T1 - Chhatrapati Shivaji International Airport,7.9 km ,7.9,2919,830,Mumbai,Maharashtra
Ramee Guestline Hotel - Dadar,4.1,Very Good,774,4,South Mumbai,,,,6814,1612,Mumbai,Maharashtra
Hotel Metro Palace,3.6,Very Good,1167,3,Bandra West ,Band Stand,2.5 km ,2.5,4064,495,Mumbai,Maharashtra
Hotel Manama,3.5,Very Good,1566,3,South Mumbai ,Gateway Of India Mumbai,2.3 km ,2.3,3158,747,Mumbai,Maharashtra
Aashiyana Dormitory,3.1,Good,277,,South Mumbai ,Gateway Of India Mumbai,2.4 km ,2.4,630,176,Mumbai,Maharashtra
T24 Residency,4,Very Good,2465,4,Near Mumbai Airport ,T2 - Chhatrapati Shivaji International Airport,2.0 km ,2,4099,,Mumbai,Maharashtra
"The Taj Mahal Palace, Mumbai",4.7,Excellent,802,5,Colaba ,Gateway Of India Mumbai,280 m ,0.28,27000,,Mumbai,Maharashtra
The Roa Hotel,3.7,Very Good,1300,3,Ghatkopar West ,T2 - Chhatrapati Shivaji International Airport,5.5 km ,5.5,2976,608,Mumbai,Maharashtra
Hotel Leafio,3.5,Very Good,1919,3,Near Mumbai Airport ,T2 - Chhatrapati Shivaji International Airport,3.1 km ,3.1,2199,264,Mumbai,Maharashtra
The Byke Delotel,3.8,Very Good,419,3,Borivali West,,,,3183,903,Mumbai,Maharashtra
The Empresa Hotel,3.8,Very Good,701,4,Andheri West ,T1 - Chhatrapati Shivaji International Airport,7.6 km ,7.6,8099,1458,Mumbai,Maharashtra
HOTEL KOHINOOR PARK,3.8,Very Good,592,3,South Mumbai ,Siddhivinayak Temple,480 m ,0.48,3596,1118,Mumbai,Maharashtra
The Altruist Business Hotel (Andheri),3.6,Very Good,1257,3,Jogeshwari East ,T1 - Chhatrapati Shivaji International Airport,4.5 km ,4.5,2763,711,Mumbai,Maharashtra
Hotel Parle International,3.7,Very Good,3158,3,Near Mumbai Airport ,T1 - Chhatrapati Shivaji International Airport,1.9 km ,1.9,4836,1052,Mumbai,Maharashtra
Ocean Dormitory,3.6,Very Good,67,,Asalpha ,T2 - Chhatrapati Shivaji International Airport,3.7 km ,3.7,925,249,Mumbai,Maharashtra
Hotel Beacon T2,3.2,Good,955,4,Near Mumbai Airport ,T2 - Chhatrapati Shivaji International Airport,3.9 km ,3.9,3600,851,Mumbai,Maharashtra
Hotel Columbus,3.6,Very Good,1401,3,Near Mumbai Airport ,T1 - Chhatrapati Shivaji International Airport,1.5 km ,1.5,2608,567,Mumbai,Maharashtra
Sea Green South Hotel,3.9,Very Good,985,3,Churchgate ,Queen's Necklace - Marine Drive,440 m ,0.44,5583,1389,Mumbai,Maharashtra
Hotel Suba International,4.3,Excellent,683,4,Near Mumbai Airport ,T2 - Chhatrapati Shivaji International Airport,2.0 km ,2,6700,,Mumbai,Maharashtra
Classic Dormitory,3.8,Very Good,123,,Andheri East ,T2 - Chhatrapati Shivaji International Airport,3.5 km ,3.5,572,145,Mumbai,Maharashtra
The Resort Mumbai,4.2,Very Good,3937,5,Madh,,,,11811,3556,Mumbai,Maharashtra
The Mirador,3.7,Very Good,384,4,Near Mumbai Airport ,T1 - Chhatrapati Shivaji International Airport,3.2 km ,3.2,6750,810,Mumbai,Maharashtra
The Sahil Hotel,4.2,Very Good,1587,4,South Mumbai ,Mumbai Central Bus Terminus,610 m ,0.61,4650,1100,Mumbai,Maharashtra
Avion Hotel,3.3,Good,1154,3,Near Mumbai Airport ,T1 - Chhatrapati Shivaji International Airport,1.6 km ,1.6,4205,1033,Mumbai,Maharashtra
Blossom Dormitory ( For Male and Female),3.6,Very Good,214,,Sakinaka ,T2 - Chhatrapati Shivaji International Airport,3.4 km ,3.4,678,189,Mumbai,Maharashtra
Comfort Inn Heritage,3.9,Very Good,963,4,South Mumbai,,,,4743,1122,Mumbai,Maharashtra
Hotel Planet Residency,3.8,Very Good,1064,3,Near Mumbai Airport ,T1 - Chhatrapati Shivaji International Airport,2.2 km ,2.2,3726,1028,Mumbai,Maharashtra
Hotel Kohinoor Elite,4.1,Very Good,2183,4,Near Mumbai Airport ,T2 - Chhatrapati Shivaji International Airport,6.1 km ,6.1,7250,,Mumbai,Maharashtra
Residency Hotel Andheri,4,Very Good,1866,4,Andheri East ,T1 - Chhatrapati Shivaji International Airport,3.2 km ,3.2,4883,1155,Mumbai,Maharashtra
